	ensembl_id
HES4	ENSG00000188290
ACAP3	ENSG00000131584
CPTP	ENSG00000224051
DVL1	ENSG00000107404
CCNL2	ENSG00000221978
ATAD3C	ENSG00000215915
ATAD3B	ENSG00000160072
TMEM240	ENSG00000205090
FNDC10	ENSG00000228594
MIB2	ENSG00000197530
MMP23B	ENSG00000189409
PRKCZ	ENSG00000067606
SKI	ENSG00000157933
HES5	ENSG00000197921
TTC34	ENSG00000275571
PRDM16	ENSG00000142611
ARHGEF16	ENSG00000130762
TP73	ENSG00000078900
SMIM1	ENSG00000235169
NPHP4	ENSG00000131697
RNF207	ENSG00000158286
GPR153	ENSG00000158292
KLHL21	ENSG00000162413
PHF13	ENSG00000116273
PER3	ENSG00000049246
ERRFI1	ENSG00000116285
RERE	ENSG00000142599
TMEM201	ENSG00000188807
PIK3CD	ENSG00000171608
AL109811.3	
SRM	ENSG00000116649
FBXO44	ENSG00000132879
CLCN6	ENSG00000011021
KIAA2013	ENSG00000116685
DHRS3	ENSG00000162496
KAZN	ENSG00000189337
DNAJC16	ENSG00000116138
PLEKHM2	ENSG00000116786
SPEN	ENSG00000065526
FBXO42	ENSG00000037637
NECAP2	ENSG00000157191
MFAP2	ENSG00000117122
ATP13A2	ENSG00000159363
ARHGEF10L	ENSG00000074964
NBL1	ENSG00000158747
HTR6	ENSG00000158748
TMCO4	ENSG00000162542
KIF17	ENSG00000117245
NBPF3	ENSG00000142794
RAP1GAP	ENSG00000076864
CDC42	ENSG00000070831
EPHB2	ENSG00000133216
LUZP1	ENSG00000169641
ZNF436	ENSG00000283009
TCEA3	ENSG00000204219
E2F2	ENSG00000282899
ID3	ENSG00000117318
NIPAL3	ENSG00000001461
RSRP1	ENSG00000117616
MAN1C1	ENSG00000117643
SELENON	ENSG00000162430
PAQR7	ENSG00000182749
STMN1	ENSG00000117632
FAM110D	ENSG00000197245
SH3BGRL3	ENSG00000142669
HMGN2	ENSG00000198830
ZDHHC18	ENSG00000204160
SFN	ENSG00000175793
TRNP1	ENSG00000253368
TMEM222	ENSG00000186501
AHDC1	ENSG00000126705
FAM76A	ENSG00000009780
RPA2	ENSG00000117748
SERINC2	ENSG00000168528
TMEM234	ENSG00000160055
MARCKSL1	ENSG00000175130
SYNC	ENSG00000162520
KIAA1522	
TMEM54	ENSG00000121900
ZNF362	ENSG00000160094
PHC2	ENSG00000134686
ZSCAN20	ENSG00000121903
ZMYM6	ENSG00000163867
SFPQ	ENSG00000116560
C1orf216	ENSG00000142686
CLSPN	ENSG00000092853
AGO1	ENSG00000092847
EVA1B	ENSG00000142694
ZC3H12A	ENSG00000163874
CDCA8	ENSG00000134690
EPHA10	ENSG00000183317
POU3F1	ENSG00000185668
HEYL	ENSG00000163909
BMP8B	ENSG00000116985
RIMKLA	ENSG00000177181
CCDC30	ENSG00000186409
P3H1	ENSG00000117385
C1orf50	ENSG00000164008
ERMAP	ENSG00000164010
ZNF691	ENSG00000164011
SLC2A1	ENSG00000117394
CDC20	ENSG00000117399
DPH2	ENSG00000132768
ATP6V0B	ENSG00000117410
PIK3R3	ENSG00000117461
POMGNT1	ENSG00000085998
RNF11	ENSG00000123091
TTC39A	ENSG00000085831
RAB3B	ENSG00000169213
KTI12	ENSG00000198841
ZFYVE9	ENSG00000157077
ORC1	ENSG00000085840
TUT4	ENSG00000134744
LRP8	ENSG00000157193
TCEANC2	ENSG00000116205
DAB1	ENSG00000173406
JUN	ENSG00000177606
HOOK1	ENSG00000134709
NFIA	ENSG00000162599
USP1	ENSG00000162607
RAVER2	ENSG00000162437
LEPR	ENSG00000116678
GADD45A	ENSG00000116717
DIRAS3	ENSG00000162595
DEPDC1	ENSG00000024526
LRRC7	ENSG00000033122
SRSF11	ENSG00000116754
HHLA3	
ST6GALNAC5	ENSG00000117069
PTGFR	ENSG00000122420
TTLL7	ENSG00000137941
PRKACB	ENSG00000142875
SPATA1	ENSG00000122432
CTBS	ENSG00000117151
MCOLN3	ENSG00000055732
BCL10	ENSG00000142867
CCN1	ENSG00000142871
RBMXL1	ENSG00000213516
LRRC8C	ENSG00000171488
ZNF326	ENSG00000162664
BARHL2	ENSG00000143032
HFM1	ENSG00000162669
FNBP1L	ENSG00000137942
F3	ENSG00000117525
PTBP2	ENSG00000117569
AC118553.2	
SLC30A7	ENSG00000162695
RNPC3	ENSG00000185946
AMY2B	ENSG00000240038
FAM102B	
WDR47	ENSG00000085433
TAF13	ENSG00000197780
PSRC1	ENSG00000134222
SORT1	ENSG00000134243
GSTM2	ENSG00000213366
CSF1	ENSG00000184371
KCNC4	ENSG00000116396
SLC16A4	ENSG00000168679
PIFO	
C1orf162	ENSG00000143110
INKA2	ENSG00000197852
WNT2B	ENSG00000134245
RHOC	ENSG00000155366
MAGI3	ENSG00000081026
PHTF1	ENSG00000116793
DCLRE1B	ENSG00000118655
SYT6	ENSG00000134207
DENND2C	ENSG00000175984
TSPAN2	ENSG00000134198
NHLH2	ENSG00000177551
PTGFRN	ENSG00000134247
TENT5C	ENSG00000183508
GDAP2	ENSG00000196505
SRGAP2C	ENSG00000171943
NBPF20	ENSG00000162825
CD160	ENSG00000117281
TXNIP	ENSG00000265972
NBPF12	ENSG00000268043
PRKAB2	ENSG00000131791
HIST2H2BF	
HIST2H2AC	
SV2A	ENSG00000159164
MTMR11	ENSG00000014914
BNIPL	ENSG00000163141
C1orf56	ENSG00000143443
CDC42SE1	ENSG00000197622
MLLT11	ENSG00000213190
GABPB2	ENSG00000143458
LYSMD1	ENSG00000163155
ZNF687	ENSG00000143373
RFX5	ENSG00000143390
RIIAD1	ENSG00000178796
S100A10	ENSG00000197747
S100A11	ENSG00000163191
TCHH	ENSG00000159450
SPRR2F	ENSG00000244094
GATAD2B	ENSG00000261992
ATP8B2	ENSG00000143515
SHC1	ENSG00000160691
SYT11	ENSG00000132718
RIT1	ENSG00000143622
KHDC4	ENSG00000132680
RAB25	ENSG00000132698
MEX3A	ENSG00000254726
PAQR6	ENSG00000160781
GLMP	ENSG00000198715
GPATCH4	ENSG00000160818
NES	ENSG00000132688
CRABP2	ENSG00000143320
ETV3	ENSG00000117036
TAGLN2	ENSG00000158710
PIGM	ENSG00000143315
IGSF8	ENSG00000162729
SLAMF7	ENSG00000026751
USF1	ENSG00000158773
USP21	ENSG00000143258
FCRLB	ENSG00000162746
UHMK1	ENSG00000152332
DDR2	ENSG00000162733
HSD17B7	ENSG00000132196
RGS4	ENSG00000117152
POGK	ENSG00000143157
POU2F1	ENSG00000143190
GPR161	ENSG00000143147
TBX19	ENSG00000143178
SLC19A2	ENSG00000117479
PRRX1	ENSG00000116132
SUCO	ENSG00000094975
ZBTB37	ENSG00000185278
RC3H1	ENSG00000135870
SOAT1	ENSG00000057252
LHX4	ENSG00000121454
STX6	ENSG00000135823
IER5	ENSG00000162783
GLUL	ENSG00000135821
RNASEL	ENSG00000135828
RGS16	ENSG00000143333
FAM129A	
SWT1	ENSG00000116668
RGS2	ENSG00000116741
ASPM	ENSG00000066279
C1orf53	ENSG00000203724
DDX59	ENSG00000118197
KIF21B	ENSG00000116852
CSRP1	ENSG00000159176
PTPN7	ENSG00000143851
UBE2T	ENSG00000077152
SYT2	ENSG00000143858
PPFIA4	ENSG00000143847
BTG2	ENSG00000159388
SOX13	ENSG00000143842
RBBP5	ENSG00000117222
DSTYK	ENSG00000133059
TMCC2	ENSG00000133069
CDK18	ENSG00000117266
NUCKS1	ENSG00000069275
IKBKE	ENSG00000263528
MAPKAPK2	ENSG00000162889
CD55	ENSG00000196352
CR1L	ENSG00000197721
CD46	ENSG00000117335
G0S2	ENSG00000123689
SERTAD4	ENSG00000082497
NEK2	ENSG00000117650
DTL	ENSG00000143476
ATF3	ENSG00000162772
FLVCR1	ENSG00000162769
PROX1	ENSG00000117707
PTPN14	ENSG00000152104
CENPF	ENSG00000117724
MARK1	ENSG00000116141
C1orf115	ENSG00000162817
MARC1	
MIA3	ENSG00000154305
BROX	ENSG00000162819
SUSD4	ENSG00000143502
ENAH	ENSG00000154380
TMEM63A	ENSG00000196187
MIXL1	ENSG00000185155
IBA57	ENSG00000181873
OBSCN	ENSG00000154358
HIST3H2A	
ABCB10	ENSG00000135776
TAF5L	ENSG00000135801
PGBD5	ENSG00000177614
EXOC8	ENSG00000116903
AL445524.2	
MAP3K21	ENSG00000143674
ARID4B	ENSG00000054267
TBCE	ENSG00000284770
GNG4	ENSG00000168243
LYST	ENSG00000143669
NID1	ENSG00000116962
GPR137B	ENSG00000077585
OPN3	ENSG00000054277
CHML	ENSG00000203668
EXO1	ENSG00000174371
SDCCAG8	ENSG00000054282
ZBTB18	ENSG00000179456
HNRNPU	ENSG00000153187
ZNF669	ENSG00000188295
ZNF124	ENSG00000196418
ZNF692	ENSG00000171163
PGBD2	ENSG00000185220
SH3YL1	ENSG00000035115
PXDN	ENSG00000130508
SOX11	ENSG00000176887
ID2	ENSG00000115738
CYS1	ENSG00000205795
RRM2	ENSG00000171848
HPCAL1	ENSG00000115756
ODC1	ENSG00000115758
E2F6	ENSG00000169016
LRATD1	ENSG00000162981
KCNS3	ENSG00000170745
SDC1	ENSG00000115884
RHOB	ENSG00000143878
LDAH	ENSG00000118961
WDCP	ENSG00000163026
DNMT3A	ENSG00000119772
SELENOI	ENSG00000138018
SLC35F6	ENSG00000213699
CENPA	ENSG00000115163
OST4	ENSG00000228474
ABHD1	ENSG00000143994
UCN	ENSG00000163794
FNDC4	ENSG00000115226
RBKS	ENSG00000171174
YPEL5	ENSG00000119801
EHD3	ENSG00000013016
CRIM1	ENSG00000277354
STRN	ENSG00000115808
CYP1B1	ENSG00000138061
SRSF7	ENSG00000115875
SOS1	ENSG00000115904
THUMPD2	ENSG00000138050
SLC8A1	ENSG00000183023
TTC7A	ENSG00000068724
CALM2	ENSG00000143933
MSH6	ENSG00000116062
ACYP2	ENSG00000170634
EML6	ENSG00000214595
REL	ENSG00000162924
B3GNT2	ENSG00000170340
OTX1	ENSG00000115507
SERTAD2	ENSG00000179833
CEP68	ENSG00000011523
ETAA1	ENSG00000143971
FBXO48	ENSG00000204923
CLEC4F	ENSG00000152672
MTHFD2	ENSG00000065911
SLC4A5	ENSG00000188687
MRPL53	ENSG00000204822
DOK1	ENSG00000115325
EVA1A	ENSG00000115363
TMSB10	ENSG00000034510
REEP1	ENSG00000068615
RNF103	ENSG00000239305
KRCC1	ENSG00000172086
EIF2AK3	ENSG00000172071
KCNIP3	ENSG00000115041
ANKRD36C	ENSG00000174501
ITPRIPL1	ENSG00000198885
CNNM4	ENSG00000158158
ANKRD36	ENSG00000291582
C2orf92	ENSG00000291598
INPP4A	ENSG00000040933
MGAT4A	ENSG00000071073
AC092587.1	
REV1	ENSG00000135945
LONRF2	ENSG00000170500
CHST10	ENSG00000115526
POU3F3	ENSG00000198914
TGFBRAP1	ENSG00000135966
NCK2	ENSG00000071051
SH3RF3	ENSG00000172985
SOWAHC	ENSG00000198142
RGPD5	ENSG00000015568
NPHP1	ENSG00000144061
BCL2L11	ENSG00000153094
MERTK	ENSG00000153208
TMEM87B	ENSG00000153214
CKAP2L	ENSG00000169607
PSD4	ENSG00000125637
INSIG2	ENSG00000125629
EN1	ENSG00000163064
TMEM37	ENSG00000171227
RALB	ENSG00000144118
INHBB	ENSG00000163083
CLASP1	ENSG00000074054
NIFK	ENSG00000155438
LIMS2	ENSG00000072163
HS6ST1	ENSG00000136720
CCDC74B	ENSG00000152076
FAM168B	ENSG00000152102
LYPD1	ENSG00000150551
NCKAP5	ENSG00000176771
R3HDM1	ENSG00000048991
MCM6	ENSG00000076003
CXCR4	ENSG00000121966
SPOPL	ENSG00000144228
LRP1B	ENSG00000168702
ZEB2	ENSG00000169554
ACVR2A	ENSG00000121989
KIF5C	ENSG00000168280
LYPD6	ENSG00000187123
RND3	ENSG00000115963
NMI	ENSG00000123609
ACVR1C	ENSG00000123612
ACVR1	ENSG00000115170
BAZ2B	ENSG00000123636
IFIH1	ENSG00000115267
CSRNP3	ENSG00000178662
GALNT3	ENSG00000115339
SCN9A	ENSG00000169432
B3GALT1	ENSG00000172318
NOSTRIN	ENSG00000163072
LRP2	ENSG00000081479
KLHL41	ENSG00000239474
CYBRD1	ENSG00000071967
ITGA6	ENSG00000091409
PDK1	ENSG00000152256
GPR155	ENSG00000163328
WIPF1	ENSG00000115935
HOXD9	ENSG00000128709
HOXD4	ENSG00000170166
HNRNPA3	ENSG00000170144
TTC30A	
OSBPL6	ENSG00000079156
TTN	ENSG00000155657
SESTD1	ENSG00000187231
ZNF385B	ENSG00000144331
ZC3H15	ENSG00000065548
FAM171B	ENSG00000144369
TFPI	ENSG00000003436
SLC40A1	ENSG00000138449
NEMP2	ENSG00000189362
GLS	ENSG00000115419
STAT1	ENSG00000115415
TMEFF2	ENSG00000144339
DNAH7	ENSG00000118997
STK17B	ENSG00000081320
HSPD1	ENSG00000144381
HSPE1	ENSG00000115541
RFTN2	ENSG00000162944
PLCL1	ENSG00000115896
KCTD18	ENSG00000155729
TRAK2	ENSG00000115993
PARD3B	ENSG00000116117
NRP2	ENSG00000118257
INO80D	ENSG00000114933
PLEKHM3	ENSG00000178385
KANSL1L	ENSG00000144445
ACADL	ENSG00000115361
IKZF2	ENSG00000030419
SPAG16	ENSG00000144451
BARD1	ENSG00000138376
FN1	ENSG00000115414
MREG	ENSG00000118242
TMEM169	ENSG00000163449
IGFBP5	ENSG00000115461
CTDSP1	ENSG00000144579
VIL1	ENSG00000127831
USP37	ENSG00000135913
DNAJB2	ENSG00000135924
SLC4A3	ENSG00000114923
SERPINE2	ENSG00000135919
COL4A4	ENSG00000081052
AGFG1	ENSG00000173744
SLC16A14	ENSG00000163053
NCL	ENSG00000115053
NPPC	ENSG00000163273
TIGD1	ENSG00000221944
ARL4C	ENSG00000188042
HES6	ENSG00000144485
PER2	ENSG00000132326
TRAF3IP1	ENSG00000204104
DUSP28	ENSG00000188542
KIF1A	ENSG00000130294
BHLHE40	ENSG00000134107
EDEM1	ENSG00000134109
LMCD1	ENSG00000071282
OXTR	ENSG00000180914
CPNE9	ENSG00000144550
TTLL3	ENSG00000214021
VGLL4	ENSG00000144560
SYN2	ENSG00000157152
PPARG	ENSG00000132170
NUP210	ENSG00000132182
HDAC11	ENSG00000163517
TMEM43	ENSG00000170876
NR2C2	ENSG00000177463
EAF1	ENSG00000144597
COLQ	ENSG00000206561
EFHB	ENSG00000163576
RAB5A	ENSG00000144566
NKIRAS1	ENSG00000197885
RARB	ENSG00000077092
NEK10	ENSG00000163491
TRIM71	ENSG00000206557
SUSD5	ENSG00000173705
UBP1	ENSG00000153560
PLCD1	ENSG00000187091
MYD88	ENSG00000172936
SCN5A	ENSG00000183873
GORASP1	ENSG00000114745
CSRNP1	ENSG00000144655
ZNF620	ENSG00000177842
ZNF621	ENSG00000172888
CTNNB1	ENSG00000168036
ULK4	ENSG00000168038
TRAK1	ENSG00000182606
ZBTB47	ENSG00000114853
SNRK	ENSG00000163788
ZNF197	ENSG00000281709
TMEM158	ENSG00000249992
KLHL18	ENSG00000114648
COL7A1	ENSG00000114270
SLC26A6	ENSG00000225697
ARIH2OS	
USP4	ENSG00000114316
AMT	ENSG00000145020
BSN	ENSG00000164061
SEMA3F	ENSG00000001617
RASSF1	ENSG00000068028
TMEM115	ENSG00000126062
CISH	ENSG00000114737
RAD54L2	ENSG00000164080
PARP3	ENSG00000041880
TNNC1	ENSG00000114854
NEK4	ENSG00000114904
SFMBT1	ENSG00000163935
PDE12	ENSG00000174840
DENND6A	ENSG00000174839
ABHD6	ENSG00000163686
RPP14	ENSG00000163684
C3orf67	
PTPRG	ENSG00000144724
ATXN7	ENSG00000163635
PRICKLE2	ENSG00000163637
KBTBD8	ENSG00000163376
TAFA4	ENSG00000163377
LMOD3	ENSG00000163380
RYBP	ENSG00000281766
ROBO2	ENSG00000185008
GBE1	ENSG00000114480
VGLL3	ENSG00000206538
ZNF654	ENSG00000175105
MTRNR2L12	
CRYBG3	ENSG00000080200
LNP1	ENSG00000206535
CEP97	ENSG00000182504
ALCAM	ENSG00000170017
CCDC80	ENSG00000091986
CFAP44	ENSG00000206530
AC112128.1	
USF3	ENSG00000176542
ZDHHC23	ENSG00000184307
ZBTB20	ENSG00000181722
LSAMP	ENSG00000185565
IGSF11	ENSG00000144847
POPDC2	ENSG00000121577
FSTL1	ENSG00000163430
GOLGB1	ENSG00000173230
PARP14	ENSG00000173193
HACD2	ENSG00000206527
OSBPL11	ENSG00000144909
ALDH1L1	ENSG00000144908
TPRA1	ENSG00000163870
KIAA1257	
H1FX	
IFT122	ENSG00000163913
TMCC1	ENSG00000172765
ALG1L2	ENSG00000251287
COL6A5	ENSG00000172752
ACPP	
DNAJC13	ENSG00000138246
RAB6B	ENSG00000154917
EPHB1	ENSG00000154928
PPP2R3A	ENSG00000073711
IL20RB	ENSG00000174564
RBP1	ENSG00000114115
NMNAT3	ENSG00000163864
SPSB4	ENSG00000175093
PXYLP1	ENSG00000155893
ATR	ENSG00000175054
SLC9A9	ENSG00000181804
DIPK2A	ENSG00000181744
MED12L	ENSG00000144893
P2RY1	ENSG00000169860
RAP2B	ENSG00000181467
MME	ENSG00000196549
PLCH1	ENSG00000114805
CCNL1	ENSG00000163660
PTX3	ENSG00000163661
SHOX2	ENSG00000168779
IL12A	ENSG00000168811
C3orf80	ENSG00000180044
KPNA4	ENSG00000186432
GOLIM4	ENSG00000173905
RPL22L1	ENSG00000163584
EIF5A2	ENSG00000163577
PLD1	ENSG00000075651
FNDC3B	ENSG00000075420
ZMAT3	ENSG00000172667
CCDC39	ENSG00000284862
ATP11B	ENSG00000058063
VWA5B2	ENSG00000145198
CAMK2N2	ENSG00000163888
CLCN2	ENSG00000114859
EHHADH	ENSG00000113790
LPP	ENSG00000145012
P3H2	ENSG00000090530
CLDN1	ENSG00000163347
IL1RAP	ENSG00000196083
OSTN	ENSG00000188729
FGF12	ENSG00000114279
HES1	ENSG00000114315
ATP13A3	ENSG00000133657
TMEM44	ENSG00000145014
XXYLT1	ENSG00000173950
MUC20	ENSG00000275501
TNK2	ENSG00000061938
TFRC	ENSG00000072274
RNF168	ENSG00000163961
SENP5	ENSG00000119231
MELTF	ENSG00000163975
DLG1	ENSG00000075711
RUBCN	ENSG00000145016
TMEM271	ENSG00000273238
MYL5	ENSG00000215375
PCGF3	ENSG00000185619
CPLX1	ENSG00000168993
TMEM175	ENSG00000127419
DGKQ	ENSG00000145214
IDUA	ENSG00000127415
FGFRL1	ENSG00000127418
UVSSA	ENSG00000163945
SLBP	ENSG00000163950
FGFR3	ENSG00000068078
NAT8L	ENSG00000185818
HAUS3	ENSG00000214367
RNF4	ENSG00000063978
FAM193A	ENSG00000125386
TNIP2	ENSG00000168884
SH3BP2	ENSG00000087266
RGS12	ENSG00000159788
DOK7	ENSG00000175920
ADRA2C	ENSG00000184160
LYAR	ENSG00000145220
MSX1	ENSG00000163132
PPP2R2C	ENSG00000074211
MAN2B2	ENSG00000013288
S100P	ENSG00000163993
KIAA0232	ENSG00000170871
AFAP1	ENSG00000196526
HTRA3	ENSG00000170801
HMX1	ENSG00000215612
ZNF518B	ENSG00000178163
HS3ST1	ENSG00000002587
NKX3-2	ENSG00000109705
CPEB2	ENSG00000137449
BST1	ENSG00000109743
FAM184B	ENSG00000047662
SLIT2	ENSG00000145147
PCDH7	ENSG00000169851
RELL1	ENSG00000181826
FAM114A1	ENSG00000197712
SMIM14	ENSG00000163683
RHOH	ENSG00000168421
NSUN7	ENSG00000179299
APBB2	ENSG00000163697
UCHL1	ENSG00000154277
LIMCH1	ENSG00000064042
DCAF4L1	ENSG00000182308
KCTD8	ENSG00000183783
GABRA2	ENSG00000151834
NIPAL1	ENSG00000163293
SLAIN2	ENSG00000109171
OCIAD2	ENSG00000145247
SGCB	ENSG00000163069
USP46	ENSG00000109189
RASL11B	ENSG00000128045
LNX1	ENSG00000072201
PDGFRA	ENSG00000134853
CLOCK	ENSG00000134852
NMU	ENSG00000109255
CEP135	ENSG00000174799
IGFBP7	ENSG00000163453
CENPC	ENSG00000145241
MOB1B	ENSG00000173542
SLC4A4	ENSG00000080493
ADAMTS3	ENSG00000156140
COX18	ENSG00000163626
CXCL3	ENSG00000163734
AREG	ENSG00000109321
THAP6	ENSG00000174796
CDKL2	ENSG00000138769
CCNG2	ENSG00000138764
ANXA3	ENSG00000138772
BMP2K	ENSG00000138756
ANTXR2	ENSG00000163297
TMEM150C	ENSG00000249242
SCD5	ENSG00000145284
THAP9	ENSG00000168152
LIN54	ENSG00000189308
PLAC8	ENSG00000145287
CDS1	ENSG00000163624
ARHGAP24	ENSG00000138639
AC093827.5	
HERC6	ENSG00000138642
FAM13A	ENSG00000138640
GPRIN3	ENSG00000185477
CCSER1	ENSG00000184305
UNC5C	ENSG00000182168
H2AFZ	
SLC39A8	ENSG00000138821
MANBA	ENSG00000109323
CENPE	ENSG00000138778
TET2	ENSG00000168769
LEF1	ENSG00000138795
ETNPPL	ENSG00000164089
ELOVL6	ENSG00000170522
ENPEP	ENSG00000138792
ZGRF1	ENSG00000138658
ANK2	ENSG00000145362
CAMK2D	ENSG00000145349
NDST4	ENSG00000138653
SEC24D	ENSG00000150961
SYNPO2	ENSG00000172403
USP53	ENSG00000145390
PDE5A	ENSG00000138735
MAD2L1	ENSG00000164109
PRDM5	ENSG00000138738
KIAA1109	
SPATA5	
INTU	ENSG00000164066
MFSD8	ENSG00000164073
PCDH10	ENSG00000138650
PABPC4L	ENSG00000254535
SLC7A11	ENSG00000151012
RAB33B	ENSG00000172007
MAML3	ENSG00000196782
ZNF827	ENSG00000151612
TMEM184C	ENSG00000164168
FAM160A1	
PDGFC	ENSG00000145431
ETFDH	ENSG00000171503
RAPGEF2	ENSG00000109756
MARCH1	
KLHL2	ENSG00000109466
MSMO1	ENSG00000052802
SPOCK3	ENSG00000196104
DDX60L	ENSG00000181381
GALNTL6	ENSG00000174473
HMGB2	ENSG00000164104
HAND2	ENSG00000164107
AGA	ENSG00000038002
STOX2	ENSG00000173320
CENPU	ENSG00000151725
ACSL1	ENSG00000151726
HELT	ENSG00000187821
SNX25	ENSG00000109762
ANKRD37	ENSG00000186352
PDLIM3	ENSG00000154553
SORBS2	ENSG00000154556
TLR3	ENSG00000164342
CYP4V2	ENSG00000145476
PDCD6	ENSG00000249915
TPPP	ENSG00000171368
ZDHHC11	ENSG00000188818
C5orf38	
TENT4A	ENSG00000112941
MTRR	ENSG00000124275
ANKH	ENSG00000154122
MYO10	ENSG00000145555
BASP1	ENSG00000176788
SLC1A3	ENSG00000079215
CPLANE1	ENSG00000197603
GDNF	ENSG00000168621
RICTOR	ENSG00000164327
DAB2	ENSG00000153071
SELENOP	ENSG00000250722
HMGCS1	ENSG00000112972
PARP8	ENSG00000151883
ITGA2	ENSG00000164171
FST	ENSG00000134363
CCNO	ENSG00000152669
IL6ST	ENSG00000134352
MIER3	ENSG00000155545
PLK2	ENSG00000145632
RAB3C	ENSG00000152932
PPWD1	ENSG00000113593
ERBIN	ENSG00000112851
PIK3R1	ENSG00000145675
CCNB1	ENSG00000134057
SMN1	ENSG00000172062
NAIP	ENSG00000278613
MAP1B	ENSG00000131711
FCHO2	ENSG00000157107
FOXD1	ENSG00000251493
ENC1	ENSG00000171617
FAM169A	ENSG00000198780
ANKRD31	ENSG00000145700
HMGCR	ENSG00000113161
F2R	ENSG00000181104
AGGF1	ENSG00000164252
SERINC5	ENSG00000164300
ANKRD34B	ENSG00000189127
DHFR	ENSG00000228716
MSH3	ENSG00000113318
ATG10	ENSG00000152348
ATP6AP1L	
VCAN	ENSG00000038427
LYSMD3	ENSG00000176018
ARRDC3	ENSG00000113369
NR2F1	ENSG00000175745
POU5F2	ENSG00000248483
MCTP1	ENSG00000175471
ARSK	ENSG00000164291
RHOBTB3	ENSG00000164292
ELL2	ENSG00000118985
LNPEP	ENSG00000113441
RGMB	ENSG00000174136
SLCO6A1	ENSG00000205359
PAM	ENSG00000145730
PPIP5K2	ENSG00000145725
C5orf30	
MAN2A1	ENSG00000112893
EPB41L4A	ENSG00000129595
PRR16	ENSG00000184838
LOX	ENSG00000113083
SNCAIP	ENSG00000064692
ZNF608	ENSG00000168916
MARCH3	
MEGF10	ENSG00000145794
P4HA2	ENSG00000072682
CDKL3	ENSG00000006837
JADE2	ENSG00000043143
DDX46	ENSG00000145833
CXCL14	ENSG00000145824
TGFBI	ENSG00000120708
PKD2L2	ENSG00000078795
NME5	ENSG00000112981
KIF20A	ENSG00000112984
REEP2	ENSG00000132563
EGR1	ENSG00000120738
LRRTM2	ENSG00000146006
PROB1	ENSG00000228672
CXXC5	ENSG00000171604
IGIP	ENSG00000182700
HBEGF	ENSG00000113070
APBB3	ENSG00000113108
TAF7	ENSG00000178913
ADRB2	ENSG00000169252
ABLIM3	ENSG00000173210
AFAP1L1	ENSG00000157510
ARHGEF37	ENSG00000183111
PPARGC1B	ENSG00000155846
TIGD6	ENSG00000164296
SMIM3	ENSG00000256235
SLC36A1	ENSG00000123643
HAND1	ENSG00000113196
KIF4B	ENSG00000226650
ADAM19	ENSG00000135074
LSM11	ENSG00000155858
EBF1	ENSG00000164330
RNF145	ENSG00000145860
FABP6	ENSG00000170231
C1QTNF2	ENSG00000145861
ZBED8	
PTTG1	ENSG00000164611
HMMR	ENSG00000072571
FBLL1	ENSG00000188573
RANBP17	ENSG00000204764
STK10	ENSG00000072786
DUSP1	ENSG00000120129
CREBRF	ENSG00000164463
STC2	ENSG00000113739
CPEB4	ENSG00000113742
MSX2	ENSG00000120149
ZNF346	ENSG00000113761
MXD3	ENSG00000213347
F12	ENSG00000131187
DOK3	ENSG00000146094
HNRNPAB	ENSG00000197451
CLK4	ENSG00000113240
ADAMTS2	ENSG00000087116
HNRNPH1	ENSG00000169045
CANX	ENSG00000283777
SQSTM1	ENSG00000284099
RASGEF1C	ENSG00000146090
GFPT2	ENSG00000131459
TRIM52	ENSG00000183718
FOXQ1	ENSG00000164379
FOXF2	ENSG00000137273
FOXC1	ENSG00000054598
SERPINB1	ENSG00000021355
TUBB2B	ENSG00000137285
SLC22A23	ENSG00000137266
PXDC1	ENSG00000168994
DSP	ENSG00000096696
SLC35B3	ENSG00000124786
MAK	ENSG00000111837
TMEM170B	ENSG00000205269
EDN1	ENSG00000078401
PHACTR1	ENSG00000112137
RNF182	ENSG00000180537
CD83	ENSG00000112149
MYLIP	ENSG00000007944
GMPR	ENSG00000137198
STMND1	ENSG00000230873
FAM8A1	ENSG00000137414
KIF13A	ENSG00000137177
ID4	ENSG00000172201
SOX4	ENSG00000124766
GMNN	ENSG00000112312
CARMIL1	ENSG00000079691
TRIM38	ENSG00000112343
HIST1H3B	
HIST1H2AB	
HIST1H1C	
HIST1H4C	
HIST1H2AC	
HIST1H1E	
HIST1H2AE	
HIST1H1D	
HIST1H4H	
HIST1H2BJ	
HIST1H2BK	
HIST1H2AH	
HIST1H3H	
HIST1H2BN	
ZSCAN12	ENSG00000158691
ZBED9	
TRIM26	ENSG00000234127
HLA-E	ENSG00000204592
NRM	ENSG00000228867
TUBB	ENSG00000232575
DDR1	ENSG00000229767
PSORS1C1	ENSG00000233439
TCF19	ENSG00000233890
ATP6V1G2	ENSG00000234920
AIF1	ENSG00000237727
DDAH2	ENSG00000227317
HSPA1A	ENSG00000234475
HSPA1B	ENSG00000231555
AL662884.4	
PPT2	ENSG00000227600
PBX2	ENSG00000236353
GPSM3	ENSG00000213654
NOTCH4	ENSG00000223355
HLA-DRB1	ENSG00000196126
BRD2	ENSG00000234704
HLA-DPA1	ENSG00000224103
B3GALT4	ENSG00000235863
RGL2	ENSG00000228736
TAPBP	ENSG00000206208
SYNGAP1	ENSG00000227460
BAK1	ENSG00000030110
LEMD2	ENSG00000161904
SMIM29	ENSG00000186577
ILRUN	ENSG00000196821
MAPK13	ENSG00000156711
ETV7	ENSG00000010030
STK38	ENSG00000112079
SRSF3	ENSG00000112081
CDKN1A	ENSG00000124762
PIM1	ENSG00000137193
TMEM217	ENSG00000172738
MDGA1	ENSG00000112139
NFYA	ENSG00000001167
TFEB	ENSG00000112561
USP49	ENSG00000164663
MED20	ENSG00000124641
CCND3	ENSG00000112576
TAF8	ENSG00000137413
GUCA1B	ENSG00000112599
UBR2	ENSG00000024048
C6orf226	
GNMT	ENSG00000124713
PEX6	ENSG00000124587
SRF	ENSG00000112658
DLK2	ENSG00000171462
POLH	ENSG00000170734
RSPH9	ENSG00000172426
TMEM63B	ENSG00000137216
ENPP4	ENSG00000001561
SLC25A27	ENSG00000153291
TDRD6	ENSG00000180113
MCM3	ENSG00000112118
GCLC	ENSG00000001084
FAM83B	ENSG00000168143
COL21A1	ENSG00000124749
DST	ENSG00000151914
RAB23	ENSG00000112210
AL135905.2	
COL19A1	ENSG00000082293
KHDC1	ENSG00000135314
IRAK1BP1	ENSG00000146243
TENT5A	ENSG00000112773
TPBG	ENSG00000146242
DOP1A	ENSG00000083097
PRSS35	ENSG00000146250
RIPPLY2	ENSG00000203877
CGA	ENSG00000135346
CASP8AP2	ENSG00000118412
EPHA7	ENSG00000135333
POU3F2	ENSG00000184486
SIM1	ENSG00000112246
HACE1	ENSG00000085382
CD24	ENSG00000272398
BEND3	ENSG00000178409
OSTM1	ENSG00000081087
PPIL6	ENSG00000185250
SLC16A10	ENSG00000112394
LAMA4	ENSG00000112769
MARCKS	ENSG00000277443
TSPYL4	ENSG00000187189
CEP85L	ENSG00000111860
FAM184A	ENSG00000111879
TBC1D32	ENSG00000146350
SERINC1	ENSG00000111897
RNF217	ENSG00000146373
PTPRK	ENSG00000152894
L3MBTL3	ENSG00000198945
ENPP1	ENSG00000197594
CCN2	ENSG00000118523
SGK1	ENSG00000118515
AHI1	ENSG00000135541
BCLAF1	ENSG00000029363
PERP	ENSG00000112378
NHSL1	ENSG00000135540
HECA	ENSG00000112406
CITED2	ENSG00000164442
ADGRG6	ENSG00000112414
HIVEP2	ENSG00000010818
UTRN	ENSG00000152818
STXBP5	ENSG00000164506
ULBP2	ENSG00000131015
ULBP3	ENSG00000131019
PLEKHG1	ENSG00000120278
FBXO5	ENSG00000112029
RGS17	ENSG00000091844
IPCEF1	ENSG00000074706
TIAM2	ENSG00000146426
ZDHHC14	ENSG00000175048
SYNJ2	ENSG00000078269
SERAC1	ENSG00000122335
TULP4	ENSG00000130338
PACRG	ENSG00000112530
PDE10A	ENSG00000112541
TBXT	ENSG00000164458
AL159163.1	
CCR6	ENSG00000112486
TCTE3	
DLL1	ENSG00000198719
PDGFA	ENSG00000197461
PRKAR1B	ENSG00000188191
UNCX	ENSG00000164853
MICALL2	ENSG00000164877
CHST12	ENSG00000136213
IQCE	ENSG00000106012
RBAK-RBAKDN	ENSG00000272968
SLC29A4	ENSG00000164638
ACTB	ENSG00000075624
FSCN1	ENSG00000075618
CYTH3	ENSG00000008256
ZNF316	ENSG00000205903
ZNF12	ENSG00000164631
ARL4A	ENSG00000122644
TWIST1	ENSG00000122691
DNAH11	ENSG00000105877
KLHL7	ENSG00000122550
HNRNPA2B1	ENSG00000122566
HOXA3	ENSG00000105997
HOXA5	ENSG00000106004
HOXA6	ENSG00000106006
HOXA9	ENSG00000078399
HOXA10	ENSG00000253293
HOXA11	ENSG00000005073
HOXA13	ENSG00000106031
CREB5	ENSG00000146592
PLEKHA8	ENSG00000106086
MINDY4	ENSG00000106125
ADCYAP1R1	ENSG00000078549
PDE1C	ENSG00000154678
KBTBD2	ENSG00000170852
FKBP9	ENSG00000122642
HERPUD2	ENSG00000122557
EEPD1	ENSG00000122547
SFRP4	ENSG00000106483
CDK13	ENSG00000065883
INHBA	ENSG00000122641
MRPS24	ENSG00000062582
NUDCD3	ENSG00000015676
OGDH	ENSG00000105953
PURB	ENSG00000146676
NACAD	ENSG00000136274
ADCY1	ENSG00000164742
IGFBP3	ENSG00000146674
UPP1	ENSG00000183696
FIGNL1	ENSG00000132436
VOPP1	ENSG00000154978
ZNF713	ENSG00000178665
PHKG1	ENSG00000164776
ZNF107	ENSG00000196247
ERV3-1	ENSG00000213462
ZNF92	ENSG00000146757
RABGEF1	ENSG00000154710
STX1A	ENSG00000106089
GTF2IRD2	ENSG00000196275
TRIM73	ENSG00000178809
POM121C	ENSG00000272391
RHBDD2	ENSG00000005486
HSPB1	ENSG00000106211
CCDC146	ENSG00000135205
PTPN12	ENSG00000127947
PCLO	ENSG00000186472
DMTF1	ENSG00000135164
CYP51A1	ENSG00000001630
SAMD9	ENSG00000205413
TFPI2	ENSG00000105825
GNG11	ENSG00000127920
CASD1	ENSG00000127995
SGCE	ENSG00000127990
PPP1R9A	ENSG00000158528
TAC1	ENSG00000006128
ASNS	ENSG00000070669
TECPR1	ENSG00000205356
ZNF789	ENSG00000198556
ZKSCAN5	ENSG00000196652
TMEM225B	ENSG00000244219
AGFG2	ENSG00000106351
PCOLCE	ENSG00000106333
MOSPD3	ENSG00000106330
GIGYF1	ENSG00000146830
ACHE	ENSG00000087085
TRIM56	ENSG00000169871
COL26A1	ENSG00000160963
LRRC17	ENSG00000128606
HBP1	ENSG00000105856
PNPLA8	ENSG00000135241
THAP5	ENSG00000177683
DNAJB9	ENSG00000128590
TMEM168	ENSG00000146802
FOXP2	ENSG00000128573
MDFIC	ENSG00000135272
CAV1	ENSG00000105974
TSPAN12	ENSG00000106025
AASS	ENSG00000008311
CADPS2	ENSG00000081803
GCC1	ENSG00000179562
HILPDA	ENSG00000135245
CCDC136	ENSG00000128596
TSPAN33	ENSG00000158457
SMO	ENSG00000128602
STRIP2	ENSG00000128578
NRF1	ENSG00000106459
UBE2H	ENSG00000186591
MKLN1	ENSG00000128585
CREB3L2	ENSG00000182158
SVOPL	ENSG00000157703
UBN2	ENSG00000157741
TMEM178B	ENSG00000261115
SSBP1	ENSG00000262771
MTRNR2L6	
CASP2	ENSG00000106144
TCAF1	ENSG00000198420
TPK1	ENSG00000196511
ZNF783	ENSG00000204946
ZNF746	ENSG00000181220
KRBA1	ENSG00000133619
ZNF467	ENSG00000181444
ASIC3	ENSG00000213199
CHPF2	ENSG00000033100
SMARCD3	ENSG00000082014
XRCC2	ENSG00000196584
PAXIP1	ENSG00000157212
INSIG1	ENSG00000186480
EN2	ENSG00000164778
MNX1	ENSG00000130675
WDR60	
PLCXD1	ENSG00000292344
CSF2RA	ENSG00000292357
AKAP17A	ENSG00000197976
ZBED1	ENSG00000292345
STS	ENSG00000101846
PNPLA4	ENSG00000006757
SHROOM2	ENSG00000146950
WWC3	ENSG00000047644
MID1	ENSG00000101871
TMSB4X	ENSG00000205542
TCEANC	ENSG00000176896
RAB9A	ENSG00000123595
FANCB	ENSG00000181544
PIGA	ENSG00000165195
RBBP7	ENSG00000102054
NHS	ENSG00000188158
RAI2	ENSG00000131831
CDKL5	ENSG00000008086
MAP3K15	ENSG00000180815
BCLAF3	ENSG00000173681
PHEX	ENSG00000102174
SAT1	ENSG00000130066
POLA1	ENSG00000101868
RPGR	ENSG00000156313
TIMP1	ENSG00000102265
ZNF630	ENSG00000221994
SUV39H1	ENSG00000101945
PLP2	ENSG00000102007
TSPYL2	ENSG00000184205
KANTR	ENSG00000232593
SMC1A	ENSG00000072501
GNL3L	ENSG00000130119
MAGED2	ENSG00000102316
TRO	ENSG00000067445
APEX2	ENSG00000169188
USP51	ENSG00000247746
SPIN2A	ENSG00000147059
SPIN4	ENSG00000186767
ZC3H12B	ENSG00000102053
AR	ENSG00000169083
DLG3	ENSG00000082458
FOXO4	ENSG00000184481
GCNA	ENSG00000147174
RTL5	ENSG00000242732
ATRX	ENSG00000085224
BRWD3	ENSG00000165288
RPS6KA6	ENSG00000072133
HDX	ENSG00000165259
ZNF711	ENSG00000147180
KLHL4	ENSG00000102271
PCDH19	ENSG00000165194
TNMD	ENSG00000000005
TMEM35A	ENSG00000126950
TAF7L	ENSG00000102387
GLA	ENSG00000102393
ZMAT1	ENSG00000166432
BEX5	ENSG00000291824
TMSB15A	ENSG00000158164
BEX4	ENSG00000102409
TCEAL8	ENSG00000180964
BEX2	ENSG00000133134
TCEAL7	ENSG00000182916
TCEAL9	ENSG00000185222
BEX3	ENSG00000166681
TCEAL3	ENSG00000196507
TMEM31	ENSG00000179363
ZCCHC18	ENSG00000166707
RADX	ENSG00000147231
TBC1D8B	ENSG00000133138
TSC22D3	ENSG00000157514
ATG4A	ENSG00000101844
AL035425.2	
IRS4	ENSG00000133124
AMOT	ENSG00000126016
PLS3	ENSG00000102024
ZCCHC12	ENSG00000174460
SLC25A43	ENSG00000077713
RNF113A	ENSG00000125352
CUL4B	ENSG00000158290
UTP14A	ENSG00000156697
ELF4	ENSG00000102034
RAP2C	ENSG00000123728
PLAC1	ENSG00000170965
SMIM10L2B	ENSG00000196972
SMIM10L2A	ENSG00000178947
FHL1	ENSG00000022267
SOX3	ENSG00000134595
FMR1	ENSG00000102081
IDS	ENSG00000010404
TMEM185A	ENSG00000269556
CD99L2	ENSG00000102181
NSDHL	ENSG00000292192
ZNF275	ENSG00000063587
DUSP9	ENSG00000130829
SLC6A8	ENSG00000130821
ARHGAP4	ENSG00000089820
DNASE1L1	ENSG00000013563
SLC10A3	ENSG00000126903
SPRY3	ENSG00000168939
ZNF596	ENSG00000172748
CLN8	ENSG00000278220
ARHGEF10	ENSG00000104728
MYOM2	ENSG00000036448
MSRA	ENSG00000175806
XKR6	ENSG00000171044
MTMR9	ENSG00000104643
LONRF1	ENSG00000154359
C8orf48	ENSG00000164743
PDGFRL	ENSG00000104213
LPL	ENSG00000175445
GFRA2	ENSG00000168546
XPO7	ENSG00000130227
BMP1	ENSG00000168487
NKX3-1	ENSG00000167034
NEFM	ENSG00000104722
NEFL	ENSG00000277586
DOCK5	ENSG00000147459
PNMA2	ENSG00000240694
CLU	ENSG00000120885
SCARA3	ENSG00000168077
ZNF395	ENSG00000186918
UBXN8	ENSG00000104691
PURG	ENSG00000172733
NRG1	ENSG00000157168
RNF122	ENSG00000133874
ZNF703	ENSG00000183779
EIF4EBP1	ENSG00000187840
PLPP5	ENSG00000147535
FGFR1	ENSG00000077782
C8orf86	
TACC1	ENSG00000147526
TCIM	ENSG00000176907
PLAT	ENSG00000104368
IKBKB	ENSG00000104365
RNF170	ENSG00000120925
HGSNAT	ENSG00000165102
CEBPD	ENSG00000221869
PRKDC	ENSG00000253729
MCM4	ENSG00000104738
SNAI2	ENSG00000019549
PCMTD1	ENSG00000168300
OPRK1	ENSG00000082556
PLAG1	ENSG00000181690
IMPAD1	
UBXN2B	ENSG00000215114
TTPA	ENSG00000137561
YTHDF3	ENSG00000185728
PDE7A	ENSG00000205268
RRS1	ENSG00000179041
MYBL1	ENSG00000185697
SGK3	ENSG00000104205
NCOA2	ENSG00000140396
MSC	ENSG00000178860
KCNB2	ENSG00000182674
UBE2W	ENSG00000104343
JPH1	ENSG00000104369
PKIA	ENSG00000171033
HEY1	ENSG00000164683
FABP5	ENSG00000164687
SLC10A5	ENSG00000253598
LRRCC1	ENSG00000133739
CA2	ENSG00000104267
MMP16	ENSG00000156103
TMEM64	ENSG00000180694
NECAB1	ENSG00000123119
LRRC69	ENSG00000214954
TRIQK	ENSG00000205133
FSBP	ENSG00000265817
CCNE2	ENSG00000175305
TP53INP1	ENSG00000164938
C8orf37	
GDF6	ENSG00000156466
MTERF3	ENSG00000156469
PTDSS1	ENSG00000156471
MTDH	ENSG00000147649
COX6C	ENSG00000164919
RNF19A	ENSG00000034677
KLF10	ENSG00000155090
FZD6	ENSG00000164930
SLC25A32	ENSG00000164933
RIMS2	ENSG00000176406
ZFPM2	ENSG00000169946
TMEM74	ENSG00000164841
TRPS1	ENSG00000104447
RAD21	ENSG00000164754
MAL2	ENSG00000147676
CCN3	ENSG00000136999
HAS2	ENSG00000170961
ZHX1-C8orf76	ENSG00000259305
FBXO32	ENSG00000156804
MTSS1	ENSG00000170873
SQLE	ENSG00000104549
TRIB1	ENSG00000173334
LRATD2	ENSG00000168672
MYC	ENSG00000136997
EFR3A	ENSG00000132294
NDRG1	ENSG00000104419
ARC	ENSG00000198576
JRK	ENSG00000234616
LY6K	ENSG00000160886
ZFP41	ENSG00000181638
MAFA	ENSG00000182759
ZNF707	ENSG00000274352
IQANK1	ENSG00000203499
SCRIB	ENSG00000274287
PLEC	ENSG00000178209
WDR97	ENSG00000179698
PPP1R16A	ENSG00000160972
LRRC14	ENSG00000160959
ZNF251	ENSG00000198169
ZNF7	ENSG00000147789
WASHC1	ENSG00000181404
DMRT3	ENSG00000064218
RFX3	ENSG00000080298
RLN2	ENSG00000107014
PLGRKT	ENSG00000107020
KDM4C	ENSG00000107077
NFIB	ENSG00000147862
TTC39B	ENSG00000155158
BNC2	ENSG00000173068
PLIN2	ENSG00000147872
MLLT3	ENSG00000171843
CDKN2B	ENSG00000147883
CAAP1	ENSG00000120159
C9orf72	ENSG00000147894
B4GALT1	ENSG00000086062
ANKRD18B	ENSG00000230453
UBAP1	ENSG00000165006
KIF24	ENSG00000186638
CNTFR	ENSG00000122756
IL11RA	ENSG00000137070
FANCG	ENSG00000221829
TESK1	ENSG00000107140
CCDC107	ENSG00000159884
TPM2	ENSG00000198467
CREB3	ENSG00000107175
RGP1	ENSG00000107185
HINT2	ENSG00000137133
GLIPR2	ENSG00000122694
FBXO10	ENSG00000147912
IGFBPL1	ENSG00000137142
CBWD6	
CBWD3	
APBA1	ENSG00000276497
PTAR1	ENSG00000188647
SMC5	ENSG00000198887
KLF9	ENSG00000119138
CEMIP2	ENSG00000135048
ANXA1	ENSG00000135046
PSAT1	ENSG00000135069
TLE1	ENSG00000196781
RASEF	ENSG00000165105
FRMD3	ENSG00000172159
GKAP1	ENSG00000165113
RMI1	ENSG00000178966
TUT7	ENSG00000083223
GAS1	ENSG00000180447
S1PR3	ENSG00000213694
CKS2	ENSG00000123975
GADD45G	ENSG00000130222
SYK	ENSG00000165025
CENPP	ENSG00000188312
NINJ1	ENSG00000131669
BARX1	ENSG00000131668
ZNF169	ENSG00000175787
ZNF367	ENSG00000165244
HABP4	ENSG00000130956
TMOD1	ENSG00000136842
INVS	ENSG00000119509
TMEFF1	ENSG00000241697
ZNF189	ENSG00000136870
TMEM246	
SLC44A1	ENSG00000070214
FSD1L	ENSG00000106701
KLF4	ENSG00000136826
TMEM245	ENSG00000106771
FRRS1L	ENSG00000260230
PTPN3	ENSG00000070159
PALM2	
TXN	ENSG00000136810
LPAR1	ENSG00000198121
KIAA1958	ENSG00000165185
C9orf43	ENSG00000157653
TNC	ENSG00000041982
CNTRL	ENSG00000119397
TTLL11	ENSG00000175764
DENND1A	ENSG00000119522
NR6A1	ENSG00000148200
SCAI	ENSG00000173611
RABEPK	ENSG00000136933
ZBTB43	ENSG00000169155
FAM129B	
SH2D3C	ENSG00000095370
FPGS	ENSG00000136877
AK1	ENSG00000106992
PIP5KL1	ENSG00000167103
FAM102A	
NAIF1	ENSG00000171169
CERCAM	ENSG00000167123
ZER1	ENSG00000160445
LRRC8A	ENSG00000136802
USP20	ENSG00000136878
ASS1	ENSG00000130707
FAM78A	ENSG00000126882
SETX	ENSG00000107290
REXO4	ENSG00000148300
OLFM1	ENSG00000130558
NACC2	ENSG00000148411
AJM1	ENSG00000232434
LCN12	ENSG00000184925
ABCA2	ENSG00000107331
SAPCD2	ENSG00000186193
UAP1L1	ENSG00000197355
TUBB4B	ENSG00000188229
TOR4A	ENSG00000198113
NOXA1	ENSG00000188747
RIC8A	ENSG00000177963
IFITM2	ENSG00000185201
IFITM3	ENSG00000142089
LMNTD2	ENSG00000185522
IRF7	ENSG00000276561
DRD4	ENSG00000276825
PANO1	ENSG00000288675
PIDD1	ENSG00000177595
TOLLIP	ENSG00000291426
DUSP8	ENSG00000184545
CDKN1C	ENSG00000129757
SLC22A18	ENSG00000276130
PHLDA2	ENSG00000274538
OSBPL5	ENSG00000021762
TRIM5	ENSG00000132256
CCKBR	ENSG00000110148
SMPD1	ENSG00000166311
APBB1	ENSG00000166313
DNHD1	ENSG00000179532
TPP1	ENSG00000166340
ZNF214	ENSG00000149050
OLFML1	ENSG00000183801
PPFIBP2	ENSG00000166387
TUB	ENSG00000166402
ST5	
AKIP1	ENSG00000166452
ZNF143	ENSG00000166478
SWAP70	ENSG00000133789
ADM	ENSG00000148926
MTRNR2L8	
DKK3	ENSG00000050165
TEAD1	ENSG00000187079
CALCB	ENSG00000175868
SOX6	ENSG00000110693
KCNJ11	ENSG00000187486
MYOD1	ENSG00000129152
KCNC1	ENSG00000129159
LDHA	ENSG00000134333
SPTY2D1	ENSG00000179119
E2F8	ENSG00000129173
LGR4	ENSG00000205213
BDNF	ENSG00000176697
DCDC1	ENSG00000170959
DNAJC24	ENSG00000170946
PRRG4	ENSG00000135378
CD44	ENSG00000026508
FJX1	ENSG00000179431
TRAF6	ENSG00000175104
RAG1	ENSG00000166349
TTC17	ENSG00000052841
C11orf96	ENSG00000187479
TSPAN18	ENSG00000157570
TP53I11	ENSG00000175274
SLC35C1	ENSG00000181830
MDK	ENSG00000110492
ACP2	ENSG00000134575
SPI1	ENSG00000066336
RTN4RL2	ENSG00000186907
ZDHHC5	ENSG00000156599
ZFP91	ENSG00000186660
FAM111B	ENSG00000189057
FAM111A	ENSG00000166801
DTX4	ENSG00000110042
STX3	ENSG00000166900
CCDC86	ENSG00000110104
TMEM138	ENSG00000149483
SYT7	ENSG00000011347
DAGLA	ENSG00000134780
MYRF	ENSG00000124920
FEN1	ENSG00000168496
FADS2	ENSG00000134824
FADS3	ENSG00000221968
LRRN4CL	ENSG00000177363
NXF1	ENSG00000162231
SLC3A2	ENSG00000168003
MARK2	ENSG00000072518
PLCB3	ENSG00000149782
GPR137	ENSG00000173264
CDC42BPG	ENSG00000171219
ATG2A	ENSG00000110046
MAJIN	ENSG00000168070
MRPL49	ENSG00000149792
TIGD3	ENSG00000173825
FRMD8	ENSG00000126391
LTBP3	ENSG00000168056
FAM89B	ENSG00000176973
EHBP1L1	ENSG00000173442
SIPA1	ENSG00000213445
MUS81	ENSG00000172732
KLC2	ENSG00000174996
PELI3	ENSG00000174516
RBM14	ENSG00000239306
KDM2A	ENSG00000173120
RAD9A	ENSG00000172613
NUDT8	ENSG00000167799
CHKA	ENSG00000110721
GAL	ENSG00000069482
CPT1A	ENSG00000110090
CCND1	ENSG00000110092
LTO1	ENSG00000149716
FCHSD2	ENSG00000137478
RELT	ENSG00000054967
PLEKHB1	ENSG00000021300
PGM2L1	ENSG00000165434
MAP6	ENSG00000171533
WNT11	ENSG00000085741
GVQW3	ENSG00000179240
EMSY	ENSG00000158636
AQP11	ENSG00000178301
USP35	ENSG00000118369
GAB2	ENSG00000033327
FAM181B	ENSG00000182103
RAB30	ENSG00000137502
PCF11	ENSG00000165494
PRSS23	ENSG00000150687
FZD4	ENSG00000174804
FAT3	ENSG00000165323
MED17	ENSG00000042429
ANKRD49	ENSG00000168876
SESN3	ENSG00000149212
FAM76B	ENSG00000077458
MAML2	ENSG00000184384
BIRC3	ENSG00000023445
GUCY1A2	ENSG00000152402
ELMOD1	ENSG00000110675
SLC35F2	ENSG00000110660
RAB39A	ENSG00000179331
ZC3H12C	ENSG00000149289
ALG9	ENSG00000086848
BCO2	ENSG00000197580
C11orf71	ENSG00000180425
APOA1	ENSG00000118137
SIDT2	ENSG00000149577
TAGLN	ENSG00000149591
PCSK7	ENSG00000160613
BCL9L	ENSG00000186174
CCDC84	
H2AFX	
ABCG4	ENSG00000172350
NECTIN1	ENSG00000110400
TBCEL	ENSG00000154114
SC5D	ENSG00000109929
HSPA8	ENSG00000109971
SCN3B	ENSG00000166257
ZNF202	ENSG00000166261
CCDC15	ENSG00000149548
FEZ1	ENSG00000149557
FLI1	ENSG00000151702
APLP2	ENSG00000084234
ADAMTS8	ENSG00000134917
SNX19	ENSG00000120451
B3GAT1	ENSG00000109956
ZMYND11	ENSG00000015171
IDI1	ENSG00000067064
KLF6	ENSG00000067082
AKR1C1	ENSG00000187134
IL15RA	ENSG00000134470
ITIH5	ENSG00000123243
OPTN	ENSG00000123240
BEND7	ENSG00000165626
AL157392.5	
TRDMT1	ENSG00000107614
NEBL	ENSG00000078114
OTUD1	ENSG00000165312
KIAA1217	ENSG00000120549
MPP7	ENSG00000150054
BAMBI	ENSG00000095739
SVIL	ENSG00000197321
KIF5B	ENSG00000170759
NRP1	ENSG00000099250
FZD8	ENSG00000177283
ZNF248	ENSG00000198105
AL117339.5	
ZNF33B	ENSG00000196693
RET	ENSG00000165731
ZNF487	ENSG00000243660
CXCL12	ENSG00000107562
DEPP1	ENSG00000165507
AGAP4	ENSG00000188234
SYT15	ENSG00000204176
ZNF488	ENSG00000265763
ANXA8	ENSG00000265190
ARHGAP22	ENSG00000128805
TIMM23B	ENSG00000204152
DKK1	ENSG00000107984
IPMK	ENSG00000151151
BICC1	ENSG00000122870
CDK1	ENSG00000170312
CABCOCO1	ENSG00000183346
ARID5B	ENSG00000150347
SIRT1	ENSG00000096717
HNRNPH3	ENSG00000096746
DDX21	ENSG00000165732
TSPAN15	ENSG00000099282
FAM241B	ENSG00000171224
COL13A1	ENSG00000197467
NPFFR1	ENSG00000148734
SGPL1	ENSG00000166224
UNC5B	ENSG00000107731
CDH23	ENSG00000107736
DDIT4	ENSG00000168209
NUDT13	ENSG00000166321
FAM149B1	ENSG00000138286
CFAP70	ENSG00000156042
SYNPO2L	ENSG00000166317
SEC24C	ENSG00000176986
FUT11	ENSG00000196968
AC022400.7	
ZNF503	ENSG00000165655
LRMDA	ENSG00000148655
ZCCHC24	ENSG00000165424
TMEM254	ENSG00000133678
TSPAN14	ENSG00000108219
BMPR1A	ENSG00000107779
SNCG	ENSG00000173267
PAPSS2	ENSG00000198682
ACTA2	ENSG00000107796
FAS	ENSG00000026103
PANK1	ENSG00000152782
ANKRD1	ENSG00000148677
CYP26A1	ENSG00000095596
PLCE1	ENSG00000138193
HELLS	ENSG00000119969
CYP2C18	ENSG00000108242
CC2D2B	ENSG00000188649
UBTD1	ENSG00000165886
PI4K2A	ENSG00000155252
MARVELD1	ENSG00000155254
GOLGA7B	ENSG00000155265
CNNM1	ENSG00000119946
ENTPD7	ENSG00000198018
ERLIN1	ENSG00000107566
SCD	ENSG00000099194
SEC31B	ENSG00000075826
SLF2	ENSG00000119906
TWNK	ENSG00000107815
SFXN3	ENSG00000107819
KAZALD1	ENSG00000107821
TRIM8	ENSG00000171206
SH3PXD2A	ENSG00000107957
ITPRIP	ENSG00000148841
DUSP5	ENSG00000138166
GPAM	ENSG00000119927
CCDC186	ENSG00000165813
ABLIM1	ENSG00000099204
FAM160B1	
EMX2	ENSG00000170370
NANOS1	ENSG00000188613
EIF3A	ENSG00000107581
BAG3	ENSG00000151929
INPP5F	ENSG00000198825
FAM24B	ENSG00000213185
IKZF5	ENSG00000095574
ACADSB	ENSG00000196177
HMX3	ENSG00000188620
BUB3	ENSG00000154473
CHST15	ENSG00000182022
DHX32	ENSG00000089876
PTPRE	ENSG00000132334
MKI67	ENSG00000148773
C10orf143	ENSG00000237489
BNIP3	ENSG00000176171
DPYSL4	ENSG00000151640
PWWP2B	ENSG00000171813
NKX6-2	ENSG00000148826
KNDC1	ENSG00000171798
UTF1	ENSG00000171794
ADAM8	ENSG00000151651
SCART1	ENSG00000214279
CYP2E1	ENSG00000130649
B4GALNT3	ENSG00000139044
WNT5B	ENSG00000111186
TIGAR	ENSG00000078237
SCNN1A	ENSG00000111319
VAMP1	ENSG00000139190
PIANP	ENSG00000139200
PTMS	ENSG00000159335
GNB3	ENSG00000111664
CDCA3	ENSG00000111665
ENO2	ENSG00000111674
C12orf57	ENSG00000111678
CLSTN3	ENSG00000288427
SLC2A3	ENSG00000059804
PHC1	ENSG00000111752
CLEC2B	ENSG00000110852
GABARAPL1	ENSG00000139112
EIF2S3B	ENSG00000180574
PRH1	ENSG00000277823
MANSC1	ENSG00000281818
DUSP16	ENSG00000280962
CREBL2	ENSG00000111269
CDKN1B	ENSG00000111276
GPRC5A	ENSG00000013588
GSG1	ENSG00000111305
RASSF8	ENSG00000123094
BHLHE41	ENSG00000123095
REP15	ENSG00000174236
PTHLH	ENSG00000087494
TMTC1	ENSG00000133687
DDX11	ENSG00000013573
SLC2A13	ENSG00000151229
GXYLT1	ENSG00000151233
YAF2	ENSG00000015153
IRAK4	ENSG00000198001
TMEM117	ENSG00000139173
AMIGO2	ENSG00000139211
HDAC7	ENSG00000061273
TMEM106C	ENSG00000134291
COL2A1	ENSG00000139219
CCDC184	ENSG00000177875
KMT2D	ENSG00000167548
RHEBL1	ENSG00000167550
TUBA1B	ENSG00000123416
TUBA1A	ENSG00000167552
TUBA1C	ENSG00000167553
FMNL3	ENSG00000161791
CERS5	ENSG00000139624
GALNT6	ENSG00000139629
SCN8A	ENSG00000196876
ACVRL1	ENSG00000139567
NR4A1	ENSG00000123358
KRT8	ENSG00000170421
KRT18	ENSG00000111057
TNS2	ENSG00000111077
SPRYD3	ENSG00000167778
IGFBP6	ENSG00000167779
SP1	ENSG00000185591
MAP3K12	ENSG00000139625
CALCOCO1	ENSG00000012822
HOXC12	ENSG00000123407
HOXC9	ENSG00000180806
HOXC8	ENSG00000037965
PPP1R1A	ENSG00000135447
CD63	ENSG00000135404
SUOX	ENSG00000139531
IKZF4	ENSG00000123411
MYL6	ENSG00000092841
COQ10A	ENSG00000135469
TAC3	ENSG00000166863
NAB2	ENSG00000166886
LRP1	ENSG00000123384
NXPH4	ENSG00000182379
NDUFA4L2	ENSG00000185633
R3HDM2	ENSG00000179912
INHBE	ENSG00000139269
DDIT3	ENSG00000175197
MBD6	ENSG00000166987
KIF5A	ENSG00000155980
AGAP2	ENSG00000135439
EEF1AKMT3	ENSG00000123427
TAFA2	ENSG00000198673
MON2	ENSG00000061987
C12orf66	
TBK1	ENSG00000183735
GNS	ENSG00000135677
MSRB3	ENSG00000174099
KCNMB4	ENSG00000135643
THAP2	ENSG00000173451
CAPS2	ENSG00000180881
PHLDA1	ENSG00000139289
CSRP2	ENSG00000175183
E2F7	ENSG00000165891
LRRIQ1	ENSG00000133640
NTS	ENSG00000133636
BTG1	ENSG00000133639
NR2C1	ENSG00000120798
CFAP54	ENSG00000188596
APAF1	ENSG00000120868
UTP20	ENSG00000120800
SYCP3	ENSG00000139351
DRAM1	ENSG00000136048
HSP90B1	ENSG00000166598
EID3	ENSG00000255150
CHST11	ENSG00000171310
ALDH1L2	ENSG00000136010
SSH1	ENSG00000084112
UNG	ENSG00000076248
FAM222A	ENSG00000139438
SH2B3	ENSG00000111252
TMEM116	ENSG00000198270
TRAFD1	ENSG00000135148
OAS3	ENSG00000111331
SLC8B1	ENSG00000089060
PLBD2	ENSG00000151176
TBX3	ENSG00000135111
WSB2	ENSG00000176871
HSPB8	ENSG00000152137
BICDL1	ENSG00000135127
PXN	ENSG00000089159
MSI1	ENSG00000135097
DYNLL1	ENSG00000088986
CABP1	ENSG00000157782
UNC119B	ENSG00000175970
P2RX4	ENSG00000135124
ORAI1	ENSG00000293604
MORN3	ENSG00000139714
TMEM120B	ENSG00000188735
SETD1B	ENSG00000139718
BCL7A	ENSG00000110987
MLXIP	ENSG00000281178
B3GNT4	ENSG00000176383
CCDC62	ENSG00000130783
ABCB9	ENSG00000150967
RILPL2	ENSG00000150977
CCDC92	ENSG00000275035
ZNF664	ENSG00000179195
UBC	ENSG00000150991
FZD10	ENSG00000111432
RAN	ENSG00000132341
GOLGA3	ENSG00000090615
ZNF605	ENSG00000196458
ZNF26	ENSG00000198393
ZNF891	ENSG00000214029
ZNF268	ENSG00000090612
ZMYM5	ENSG00000132950
GJB2	ENSG00000165474
CRYL1	ENSG00000165475
SAP18	ENSG00000150459
FGF9	ENSG00000102678
SACS	ENSG00000151835
TNFRSF19	ENSG00000127863
SHISA2	ENSG00000180730
USP12	ENSG00000152484
CDX2	ENSG00000165556
FLT1	ENSG00000102755
UBL3	ENSG00000122042
HSPH1	ENSG00000120694
B3GLCT	ENSG00000187676
SMAD9	ENSG00000120693
LHFPL6	ENSG00000183722
COG6	ENSG00000133103
ELF1	ENSG00000120690
WBP4	ENSG00000120688
RGCC	ENSG00000102760
VWA8	ENSG00000102763
DGKH	ENSG00000102780
DNAJC15	ENSG00000120675
LACC1	ENSG00000179630
TPT1	ENSG00000133112
COG3	ENSG00000136152
INTS6	ENSG00000102786
ALG11	ENSG00000253710
HNRNPA1L2	ENSG00000139675
PCDH17	ENSG00000118946
PCDH9	ENSG00000184226
DACH1	ENSG00000276644
LMO7	ENSG00000136153
KCTD12	ENSG00000178695
SLAIN1	ENSG00000139737
SPRY2	ENSG00000136158
SLITRK5	ENSG00000165300
GPC5	ENSG00000179399
SOX21	ENSG00000125285
DZIP1	ENSG00000134874
DNAJC3	ENSG00000102580
RAP2A	ENSG00000125249
STK24	ENSG00000102572
ZIC2	ENSG00000043355
CCDC168	ENSG00000175820
EFNB2	ENSG00000125266
ABHD13	ENSG00000139826
IRS2	ENSG00000185950
RAB20	ENSG00000139832
ANKRD10	ENSG00000088448
F10	ENSG00000126218
TMCO3	ENSG00000150403
TMEM255B	ENSG00000184497
GAS6	ENSG00000183087
TEP1	ENSG00000129566
PIP4P1	ENSG00000165782
ZNF219	ENSG00000165804
ABHD4	ENSG00000100439
SLC7A7	ENSG00000155465
LRP10	ENSG00000197324
REM2	ENSG00000139890
C14orf93	ENSG00000100802
CDH24	ENSG00000139880
PPP1R3E	ENSG00000235194
SLC22A17	ENSG00000092096
ZFHX2	ENSG00000136367
DHRS2	ENSG00000100867
DHRS4	ENSG00000157326
IRF9	ENSG00000285048
IPO4	ENSG00000196497
TM9SF1	ENSG00000285465
AL096870.1	
NYNRIN	ENSG00000205978
FOXG1	ENSG00000176165
AP4S1	ENSG00000100478
AL139353.1	
EGLN3	ENSG00000129521
NKX2-1	ENSG00000136352
FOXA1	ENSG00000129514
PNN	ENSG00000100941
C14orf28	ENSG00000179476
KLHL28	ENSG00000179454
PRPF39	ENSG00000185246
VCPKMT	ENSG00000100483
SOS2	ENSG00000100485
NIN	ENSG00000100503
TXNDC16	ENSG00000087301
GCH1	ENSG00000131979
LGALS3	ENSG00000131981
DLGAP5	ENSG00000126787
FBXO34	ENSG00000178974
NAA30	ENSG00000139977
ARID4A	ENSG00000032219
DACT1	ENSG00000165617
RTN1	ENSG00000139970
LRRC9	ENSG00000131951
SIX4	ENSG00000100625
SYNE2	ENSG00000054654
ZBTB25	ENSG00000089775
AKAP5	ENSG00000179841
ZBTB1	ENSG00000126804
MPP5	
ZFP36L1	ENSG00000185650
DCAF5	ENSG00000139990
PLEKHD1	ENSG00000175985
COX16	ENSG00000133983
ADAM21	ENSG00000139985
TTC9	ENSG00000133985
MAP3K9	ENSG00000006432
RIOX1	ENSG00000170468
LIN52	ENSG00000205659
LTBP2	ENSG00000119681
RPS6KL1	ENSG00000198208
PGF	ENSG00000119630
FOS	ENSG00000170345
TGFB3	ENSG00000119699
SAMD15	ENSG00000100583
CEP128	ENSG00000100629
TSHR	ENSG00000165409
GTF2A1	ENSG00000165417
STON2	ENSG00000140022
FLRT2	ENSG00000185070
AL121768.1	
CALM1	ENSG00000198668
TTC7B	ENSG00000165914
RPS6KA5	ENSG00000100784
DGLUCY	ENSG00000133943
CHGA	ENSG00000276781
BTBD7	ENSG00000011114
IFI27	ENSG00000165949
SYNE3	ENSG00000176438
GSKIP	ENSG00000100744
CCDC85C	ENSG00000205476
CYP46A1	ENSG00000036530
SLC25A29	ENSG00000197119
CDC42BPB	ENSG00000198752
EIF5	ENSG00000100664
CKB	ENSG00000166165
TRMT61A	ENSG00000166166
KIF26A	ENSG00000066735
AKT1	ENSG00000142208
ZBTB42	ENSG00000179627
CEP170B	ENSG00000099814
TEX22	ENSG00000226174
CRIP2	ENSG00000182809
TMEM121	ENSG00000184986
GABRB3	ENSG00000166206
APBA2	ENSG00000276495
CHRFAM7A	ENSG00000275917
MTMR10	ENSG00000166912
OTUD7A	ENSG00000169918
CHRNA7	ENSG00000282088
GOLGA8N	ENSG00000283589
SCG5	ENSG00000281931
PGBD4	ENSG00000182405
SLC12A6	ENSG00000140199
GOLGA8A	ENSG00000291995
BMF	ENSG00000104081
CCDC9B	ENSG00000188549
RPUSD2	ENSG00000166133
RAD51	ENSG00000051180
GCHFR	ENSG00000137880
SPINT1	ENSG00000166145
CHAC1	ENSG00000128965
AC087721.2	
AC018362.3	
MAP1A	ENSG00000166963
CATSPER2	ENSG00000166762
HYPK	ENSG00000242028
WDR76	ENSG00000092470
CTDSPL2	ENSG00000137770
SEMA6D	ENSG00000137872
CTXN2	ENSG00000233932
DUT	ENSG00000128951
SHC4	ENSG00000185634
SECISBP2L	ENSG00000138593
FGF7	ENSG00000140285
TNFAIP8L3	ENSG00000183578
SCG3	ENSG00000104112
MAPK6	ENSG00000069956
MYO5A	ENSG00000197535
MNS1	ENSG00000138587
ALDH1A2	ENSG00000128918
CCNB2	ENSG00000157456
ANXA2	ENSG00000182718
APH1B	ENSG00000138613
DAPK2	ENSG00000035664
PPIB	ENSG00000166794
CSNK1G1	ENSG00000169118
PCLAF	ENSG00000166803
PLEKHO2	ENSG00000241839
ANKDD1A	ENSG00000166839
UBAP1L	ENSG00000246922
IGDCC4	ENSG00000103742
TIPIN	ENSG00000075131
LCTL	ENSG00000188501
SMAD6	ENSG00000137834
IQCH	ENSG00000103599
CLN6	ENSG00000128973
ITGA11	ENSG00000137809
AC027237.1	
UACA	ENSG00000137831
THAP10	ENSG00000129028
MYO9A	ENSG00000066933
CLK3	ENSG00000179335
CYP1A1	ENSG00000140465
ULK3	ENSG00000140474
SIN3A	ENSG00000169375
NRG4	ENSG00000169752
ISL2	ENSG00000159556
SCAPER	ENSG00000140386
CHRNA3	ENSG00000080644
MINAR1	ENSG00000169330
AP3B2	ENSG00000103723
WHAMM	ENSG00000156232
GOLGA6L4	ENSG00000184206
ZNF592	ENSG00000166716
ALPK3	ENSG00000136383
AEN	ENSG00000181026
MESP1	ENSG00000166823
SEMA4B	ENSG00000185033
ZNF774	ENSG00000196391
FURIN	ENSG00000140564
FES	ENSG00000182511
ST8SIA2	ENSG00000140557
AC013394.1	
ARRDC4	ENSG00000140450
SYNM	ENSG00000182253
SNRPA1	ENSG00000131876
RHBDF1	ENSG00000007384
ARHGDIG	ENSG00000242173
AXIN1	ENSG00000103126
PIGQ	ENSG00000007541
RHOT2	ENSG00000140983
RHBDL1	ENSG00000103269
HAGHL	ENSG00000103253
CACNA1H	ENSG00000196557
BAIAP3	ENSG00000007516
UNKL	ENSG00000059145
CRAMP1	ENSG00000007545
MSRB1	ENSG00000198736
SLC9A3R2	
TSC2	ENSG00000103197
PKD1	ENSG00000008710
CCNF	ENSG00000162063
TBC1D24	ENSG00000162065
SRRM2	ENSG00000167978
KREMEN2	ENSG00000131650
PKMYT1	ENSG00000127564
PAQR4	ENSG00000162073
CLDN6	ENSG00000184697
TNFRSF12A	ENSG00000006327
IL32	ENSG00000008517
ZNF200	ENSG00000010539
TIGD7	ENSG00000140993
ZNF75A	ENSG00000162086
ZNF174	ENSG00000103343
ZNF597	ENSG00000167981
DNASE1	ENSG00000213918
GLIS2	ENSG00000274636
MGRN1	ENSG00000102858
NUDT16L1	ENSG00000168101
ANKS3	ENSG00000168096
SEPT12	
ROGDI	ENSG00000067836
ABAT	ENSG00000183044
ATF7IP2	ENSG00000166669
RMI2	ENSG00000175643
SOCS1	ENSG00000185338
SNN	ENSG00000184602
TXNDC11	ENSG00000153066
RSL1D1	ENSG00000171490
NPIPA1	ENSG00000183426
MPV17L	ENSG00000275543
MYH11	ENSG00000133392
NOMO3	ENSG00000278087
ARL6IP1	ENSG00000170540
COQ7	ENSG00000167186
ITPRIPL2	ENSG00000205730
SYT17	ENSG00000103528
GPRC5B	ENSG00000167191
REXO5	ENSG00000005189
TMEM159	
IGSF6	ENSG00000140749
NPIPB4	ENSG00000283855
MOSMO	ENSG00000185716
GGA2	ENSG00000103365
PLK1	ENSG00000166851
ZKSCAN2	ENSG00000155592
KDM8	ENSG00000155666
SBK1	ENSG00000188322
CLN3	ENSG00000261832
NUPR1	ENSG00000176046
SULT1A1	ENSG00000196502
ATP2A1	ENSG00000196296
CD19	ENSG00000177455
PRRT2	ENSG00000167371
MVP	ENSG00000013364
SEZ6L2	ENSG00000174938
TAOK2	ENSG00000149930
ALDOA	ENSG00000149925
YPEL3	ENSG00000090238
TBC1D10B	ENSG00000169221
DCTPP1	ENSG00000179958
ZNF688	ENSG00000229809
ZNF785	ENSG00000197162
SRCAP	ENSG00000080603
CCDC189	
ORAI3	ENSG00000175938
PRSS36	ENSG00000178226
TRIM72	ENSG00000177238
ZNF843	ENSG00000176723
C16orf58	
MYLK3	ENSG00000140795
ZNF423	ENSG00000102935
SALL1	ENSG00000103449
TOX3	ENSG00000103460
RBL2	ENSG00000103479
MT2A	ENSG00000125148
MT1F	ENSG00000198417
MT1X	ENSG00000187193
HERPUD1	ENSG00000051108
DOK4	ENSG00000125170
KATNB1	ENSG00000140854
ZNF319	ENSG00000166188
GINS3	ENSG00000181938
CDH11	ENSG00000140937
BEAN1	ENSG00000166546
CMTM3	ENSG00000140931
CES2	ENSG00000172831
CBFB	ENSG00000067955
AC074143.1	
LRRC29	
TPPP3	ENSG00000159713
CARMIL2	ENSG00000159753
ACD	ENSG00000102977
PARD6A	ENSG00000102981
ZFP90	ENSG00000184939
SNTB2	ENSG00000168807
COG8	ENSG00000213380
DDX19A	ENSG00000168872
ST3GAL2	ENSG00000157350
MTSS2	ENSG00000132613
CMTR2	ENSG00000292378
ATXN1L	ENSG00000224470
TXNL4B	ENSG00000140830
ZFHX3	ENSG00000140836
NPIPB15	ENSG00000196436
BCAR1	ENSG00000050820
MAF	ENSG00000178573
DYNLRB2	ENSG00000168589
CDYL2	ENSG00000166446
AC009070.1	
NECAB2	ENSG00000103154
KLHL36	ENSG00000135686
GINS2	ENSG00000131153
BANP	ENSG00000172530
CYBA	ENSG00000051523
APRT	ENSG00000198931
GALNS	ENSG00000141012
ZNF778	ENSG00000170100
ANKRD11	ENSG00000167522
CHMP1A	ENSG00000131165
SPATA33	ENSG00000167523
CDK10	ENSG00000185324
VPS9D1	ENSG00000075399
MC1R	ENSG00000258839
DEF8	ENSG00000140995
CENPBD1	
RFLNB	ENSG00000283979
ABR	ENSG00000276016
SMYD4	ENSG00000186532
CLUH	ENSG00000132361
TRPV1	ENSG00000196689
TAX1BP3	ENSG00000213977
ANKFY1	ENSG00000185722
CXCL16	ENSG00000161921
PLD2	ENSG00000129219
CAMTA2	ENSG00000108509
KIF1C	ENSG00000129250
C1QBP	ENSG00000108561
MIS12	ENSG00000167842
C17orf100	ENSG00000256806
RNASEK	ENSG00000219200
C17orf49	
DLG4	ENSG00000132535
PHF23	ENSG00000040633
EIF5A	ENSG00000132507
KCTD11	ENSG00000213859
TNFSF12	ENSG00000239697
CD68	ENSG00000129226
EFNB3	ENSG00000108947
RNF227	ENSG00000179859
KCNAB3	ENSG00000170049
HES7	ENSG00000179111
AURKB	ENSG00000178999
SLC25A35	ENSG00000125434
USP43	ENSG00000154914
PMP22	ENSG00000109099
UBB	ENSG00000170315
LRRC75A	ENSG00000181350
AC098850.3	
PLD6	ENSG00000179598
LLGL1	ENSG00000131899
MIEF2	ENSG00000284495
FAM83G	ENSG00000188522
EPN2	ENSG00000072134
KCNJ12	ENSG00000184185
MTRNR2L1	
KSR1	ENSG00000141068
AC010761.1	
FLOT2	ENSG00000132589
PHF12	ENSG00000109118
ABHD15	ENSG00000168792
CORO6	ENSG00000167549
ADAP2	ENSG00000184060
RAB11FIP4	ENSG00000131242
LRRC37B	ENSG00000185158
CDK5R1	ENSG00000176749
RAD51D	ENSG00000185379
RASL10B	ENSG00000270885
C17orf50	ENSG00000270806
SYNRG	ENSG00000274047
EPOP	ENSG00000277303
MLLT6	ENSG00000275023
PIP4K2B	ENSG00000277292
FBXL20	ENSG00000108306
PNMT	ENSG00000141744
PGAP3	ENSG00000161395
IKZF3	ENSG00000161405
GSDMB	ENSG00000073605
THRA	ENSG00000126351
MSL1	ENSG00000188895
CDC6	ENSG00000094804
TOP2A	ENSG00000131747
IGFBP4	ENSG00000141753
JUP	ENSG00000173801
CAVIN1	ENSG00000177469
RETREG3	ENSG00000141699
CCR10	ENSG00000184451
CNTNAP1	ENSG00000108797
WNK4	ENSG00000126562
CNTD1	ENSG00000176563
AOC3	ENSG00000131471
PTGES3L	ENSG00000267060
RUNDC1	ENSG00000198863
IFI35	ENSG00000068079
NAGS	ENSG00000161653
GJC1	ENSG00000182963
GFAP	ENSG00000131095
C1QL1	ENSG00000131094
HEXIM1	ENSG00000186834
LRRC37A2	ENSG00000277221
RPRML	ENSG00000179673
TBKBP1	ENSG00000198933
AC003665.1	
SCRN2	ENSG00000141295
HOXB2	ENSG00000173917
HOXB3	ENSG00000120093
HOXB4	ENSG00000182742
HOXB5	ENSG00000120075
HOXB8	ENSG00000120068
ZNF652	ENSG00000198740
DLX4	ENSG00000108813
DLX3	ENSG00000064195
ITGA3	ENSG00000005884
PDK2	ENSG00000005882
SAMD14	ENSG00000167100
COL1A1	ENSG00000108821
XYLT2	ENSG00000015532
CACNA1G	ENSG00000006283
TOB1	ENSG00000141232
TMEM100	ENSG00000166292
PCTP	ENSG00000141179
NOG	ENSG00000183691
DGKE	ENSG00000153933
VEZF1	ENSG00000136451
AC015813.2	
DYNLL2	ENSG00000264364
TRIM37	ENSG00000108395
PRR11	ENSG00000068489
PTRH2	ENSG00000141378
BRIP1	ENSG00000136492
AC080038.1	
PRR29	ENSG00000224383
ICAM2	ENSG00000108622
ERN1	ENSG00000178607
MILR1	ENSG00000271605
DDX5	ENSG00000108654
GNA13	ENSG00000120063
KPNA2	ENSG00000182481
SSTR2	ENSG00000180616
CDC42EP4	ENSG00000179604
SLC9A3R1	
KCTD2	ENSG00000180901
JPT1	ENSG00000189159
CASKIN2	ENSG00000177303
RNF157	ENSG00000141576
QRICH2	ENSG00000129646
UBE2O	ENSG00000175931
ST6GALNAC1	ENSG00000070526
SRSF2	ENSG00000161547
TK1	ENSG00000167900
AFMID	ENSG00000183077
BIRC5	ENSG00000089685
SOCS3	ENSG00000184557
TIMP2	ENSG00000035862
CCDC40	ENSG00000291505
SLC26A11	ENSG00000181045
NPTX1	ENSG00000171246
SIRT7	ENSG00000187531
NOTUM	ENSG00000185269
CENPX	ENSG00000169689
LRRC45	ENSG00000169683
CCDC57	ENSG00000176155
FN3KRP	ENSG00000141560
METRNL	ENSG00000275031
TYMS	ENSG00000176890
YES1	ENSG00000176105
TGIF1	ENSG00000177426
L3MBTL4	ENSG00000154655
ARHGAP28	ENSG00000088756
PTPRM	ENSG00000173482
ANKRD12	ENSG00000101745
TWSG1	ENSG00000128791
APCDD1	ENSG00000154856
IMPA2	ENSG00000141401
SEH1L	ENSG00000085415
CEP192	ENSG00000101639
LDLRAD4	ENSG00000168675
ZNF519	ENSG00000175322
ABHD3	ENSG00000158201
CABLES1	ENSG00000134508
TTC39C	ENSG00000168234
DSC3	ENSG00000134762
DSC2	ENSG00000134755
TTR	ENSG00000118271
B4GALT6	ENSG00000118276
ASXL3	ENSG00000141431
NOL4	ENSG00000101746
DTNA	ENSG00000134769
ZSCAN30	ENSG00000186814
ZNF396	ENSG00000186496
MOCOS	ENSG00000075643
CELF4	ENSG00000101489
SETBP1	ENSG00000152217
C18orf25	
KATNAL2	ENSG00000167216
SMAD7	ENSG00000101665
C18orf32	ENSG00000177576
CFAP53	ENSG00000172361
C18orf54	ENSG00000166845
CCDC68	ENSG00000166510
ATP8B1	ENSG00000081923
NEDD4L	ENSG00000049759
ZNF532	ENSG00000074657
CCBE1	ENSG00000183287
PMAIP1	ENSG00000141682
RNF152	ENSG00000176641
ZCCHC2	ENSG00000141664
BCL2	ENSG00000171791
CDH7	ENSG00000081138
CCDC102B	ENSG00000150636
TIMM21	ENSG00000075336
TSHZ1	ENSG00000179981
MBP	ENSG00000197971
HSBP1L1	ENSG00000226742
AC090360.1	
PARD6G	ENSG00000178184
C20orf96	ENSG00000196476
SOX12	ENSG00000177732
TRIB3	ENSG00000101255
TMEM74B	ENSG00000125895
SNPH	ENSG00000101298
EBF4	ENSG00000088881
PCED1A	ENSG00000132635
LZTS3	ENSG00000088899
SPEF1	ENSG00000101222
CENPB	ENSG00000125817
MAVS	ENSG00000088888
PCNA	ENSG00000132646
MCM8	ENSG00000125885
CRLS1	ENSG00000088766
BMP2	ENSG00000125845
TMX4	ENSG00000125827
SNAP25	ENSG00000132639
JAG1	ENSG00000101384
TASP1	ENSG00000089123
MACROD2	ENSG00000172264
RIN2	ENSG00000132669
INSM1	ENSG00000173404
SYNDIG1	ENSG00000101463
ABHD12	ENSG00000100997
NINL	ENSG00000101004
ID1	ENSG00000125968
BCL2L1	ENSG00000171552
TPX2	ENSG00000088325
PLAGL2	ENSG00000126003
E2F1	ENSG00000101412
NCOA6	ENSG00000198646
TP53INP2	ENSG00000078804
SPAG4	ENSG00000061656
EPB41L1	ENSG00000088367
TGIF2	ENSG00000118707
RBL1	ENSG00000080839
BLCAP	ENSG00000166619
VSTM2L	ENSG00000132821
MAFB	ENSG00000204103
EMILIN3	ENSG00000183798
L3MBTL1	ENSG00000185513
PABPC1L	ENSG00000101104
MATN4	ENSG00000124159
SDC4	ENSG00000124145
WFDC2	ENSG00000101443
UBE2C	ENSG00000175063
SNX21	ENSG00000124104
ACOT8	ENSG00000101473
ZNF335	ENSG00000198026
MMP9	ENSG00000100985
SLC12A5	ENSG00000124140
CD40	ENSG00000101017
SLC2A10	ENSG00000197496
PREX1	ENSG00000124126
ARFGEF2	ENSG00000124198
SLC9A8	ENSG00000197818
SNAI1	ENSG00000124216
TMEM189	
PARD6B	ENSG00000124171
TSHZ2	ENSG00000182463
AURKA	ENSG00000087586
BMP7	ENSG00000101144
RBM38	ENSG00000132819
CTSZ	ENSG00000101160
SYCP2	ENSG00000196074
SS18L1	ENSG00000184402
KCNQ2	ENSG00000075043
EEF1A2	ENSG00000101210
PPDPF	ENSG00000125534
ZBTB46	ENSG00000130584
C20orf204	ENSG00000196421
RGS19	ENSG00000171700
PLPP2	ENSG00000141934
MADCAM1	ENSG00000099866
CFD	ENSG00000197766
R3HDM4	ENSG00000198858
ARID3A	ENSG00000116017
MIDN	ENSG00000167470
CIRBP	ENSG00000099622
PCSK4	ENSG00000115257
MEX3D	ENSG00000181588
MKNK2	ENSG00000099875
IZUMO4	ENSG00000099840
GADD45B	ENSG00000099860
ZNF555	ENSG00000186300
ZNF556	ENSG00000172000
GNA11	ENSG00000088256
DOHH	ENSG00000129932
GIPC3	ENSG00000179855
AC005954.1	
DAPK3	ENSG00000167657
PIAS4	ENSG00000105229
PLIN5	ENSG00000214456
DPP9	ENSG00000142002
PTPRS	ENSG00000105426
TINCR	ENSG00000223573
HSD11B1L	ENSG00000167733
CD70	ENSG00000125726
INSR	ENSG00000171105
ZNF358	ENSG00000198816
EVI5L	ENSG00000142459
MAP2K7	ENSG00000076984
CTXN1	ENSG00000178531
MARCH2	
ZNF699	ENSG00000196110
ZNF562	ENSG00000171466
FBXL12	ENSG00000127452
OLFM2	ENSG00000105088
C19orf66	
P2RY11	ENSG00000244165
ZGLP1	ENSG00000220201
PDE4A	ENSG00000065989
AP1M2	ENSG00000129354
DNM2	ENSG00000079805
C19orf38	ENSG00000214212
KANK2	ENSG00000197256
PLPPR2	ENSG00000105520
ZNF653	ENSG00000161914
ZNF441	ENSG00000197044
ZNF433	ENSG00000197647
ZNF844	ENSG00000223547
ZNF563	ENSG00000188868
ZNF442	ENSG00000198342
ZNF799	ENSG00000196466
ZNF443	ENSG00000180855
ZNF709	ENSG00000242852
ZNF791	ENSG00000173875
WDR83OS	ENSG00000105583
FBXW9	ENSG00000132004
TNPO2	ENSG00000105576
JUNB	ENSG00000171223
MAST1	ENSG00000105613
DAND5	ENSG00000179284
NACC1	ENSG00000160877
IER2	ENSG00000160888
CCDC130	
PALM3	ENSG00000187867
PRKACA	ENSG00000072062
ASF1B	ENSG00000288210
DNAJB1	ENSG00000132002
NOTCH3	ENSG00000074181
AKAP8L	ENSG00000011243
KLF2	ENSG00000127528
TMEM38A	ENSG00000072954
MYO9B	ENSG00000099331
ABHD8	ENSG00000127220
COLGALT1	ENSG00000130309
JAK3	ENSG00000105639
ARRDC2	ENSG00000105643
JUND	ENSG00000130522
CRLF1	ENSG00000006016
AC003112.1	
HOMER3	ENSG00000051128
SLC25A42	ENSG00000181035
YJEFN3	ENSG00000250067
CILP2	ENSG00000160161
LPAR2	ENSG00000064547
ZNF506	ENSG00000081665
ZNF682	ENSG00000197124
ZNF430	ENSG00000278780
ZNF738	ENSG00000172687
ZNF493	ENSG00000196268
ZNF91	ENSG00000167232
ZNF254	ENSG00000213096
VSTM2B	ENSG00000187135
PLEKHF1	ENSG00000166289
CCNE1	ENSG00000105173
NUDT19	ENSG00000213965
CEP89	ENSG00000121289
LRP3	ENSG00000130881
CHST8	ENSG00000124302
WTIP	ENSG00000142279
ZNF30	ENSG00000168661
SCN1B	ENSG00000105711
LSR	ENSG00000105699
DMKN	ENSG00000161249
UPK1A	ENSG00000105668
IGFLR1	ENSG00000126246
PROSER3	ENSG00000167595
ARHGAP33	ENSG00000004777
NFKBID	ENSG00000167604
SDHAF1	ENSG00000205138
ALKBH6	ENSG00000239382
CLIP3	ENSG00000105270
WDR62	ENSG00000075702
ZNF565	ENSG00000196357
ZFP14	ENSG00000142065
ZNF382	ENSG00000161298
ZNF567	ENSG00000189042
ZNF568	ENSG00000198453
ZNF527	ENSG00000189164
KCNK6	ENSG00000099337
SPRED3	ENSG00000188766
FBXO17	ENSG00000269190
ZFP36	ENSG00000128016
EID2B	ENSG00000176401
DYRK1B	ENSG00000105204
AKT2	ENSG00000105221
C19orf47	ENSG00000160392
SERTAD1	ENSG00000197019
LTBP4	ENSG00000090006
TGFB1	ENSG00000105329
ATP1A3	ENSG00000105409
POU2F2	ENSG00000028277
ERF	ENSG00000105722
CIC	ENSG00000079432
PRR19	ENSG00000188368
SMG9	ENSG00000105771
ZNF404	ENSG00000176222
ZNF284	ENSG00000186026
ZNF227	ENSG00000131115
NECTIN2	ENSG00000130202
APOE	ENSG00000130203
PPP1R13L	ENSG00000104881
FOSB	ENSG00000125740
RTN2	ENSG00000125744
VASP	ENSG00000125753
BHMG1	
DMPK	ENSG00000104936
SYMPK	ENSG00000125755
FOXA3	ENSG00000170608
MYPOP	ENSG00000176182
IGFL4	ENSG00000204869
PNMA8A	ENSG00000182013
PPP5D1	
DACT3	ENSG00000197380
ARHGAP35	ENSG00000160007
BBC3	ENSG00000105327
CCDC9	ENSG00000105321
INAFM1	ENSG00000257704
MEIS3	ENSG00000105419
SELENOW	ENSG00000178980
PLA2G4C	ENSG00000105499
ZSWIM9	ENSG00000185453
CARD8	ENSG00000105483
EMP3	ENSG00000142227
KCNJ14	ENSG00000182324
LMTK3	ENSG00000142235
DBP	ENSG00000105516
PPP1R15A	ENSG00000087074
C19orf73	ENSG00000221916
RPL13A	ENSG00000142541
PRRG2	ENSG00000126460
RRAS	ENSG00000126458
ADM5	ENSG00000224420
TSKS	ENSG00000126467
IL4I1	ENSG00000104951
ATF5	ENSG00000169136
NAPSA	ENSG00000131400
AC020909.1	
C19orf81	ENSG00000235034
KLK4	ENSG00000167749
SIGLEC10	ENSG00000142512
ZNF350	ENSG00000256683
ZNF841	ENSG00000197608
ZNF836	ENSG00000196267
ZNF528	ENSG00000167555
ZNF578	ENSG00000258405
ZNF701	ENSG00000167562
ZNF28	ENSG00000198538
ZNF525	ENSG00000203326
MYADM	ENSG00000179820
CACNG8	ENSG00000142408
COX6B2	ENSG00000160471
UBE2S	ENSG00000108106
ZNF524	ENSG00000171443
CCDC106	ENSG00000173581
ZNF444	ENSG00000167685
ZNF583	ENSG00000198440
ZNF470	ENSG00000197016
SMIM17	ENSG00000268182
AC005261.1	
ZNF17	ENSG00000186272
ZNF749	ENSG00000186230
ZNF550	ENSG00000251369
ZNF530	ENSG00000183647
ZNF776	ENSG00000152443
ZNF587	ENSG00000198466
ZNF417	ENSG00000173480
ZNF256	ENSG00000152454
ZNF606	ENSG00000166704
ZNF329	ENSG00000181894
ERVK3-1	ENSG00000142396
CECR2	ENSG00000099954
CDC45	ENSG00000093009
RTN4R	ENSG00000040608
SCARF2	ENSG00000244486
PPIL2	ENSG00000100023
ZNF280B	ENSG00000275004
GNAZ	ENSG00000128266
ZNF70	ENSG00000187792
CHCHD10	ENSG00000273607
DERL3	ENSG00000099958
GUCD1	ENSG00000138867
ASPHD2	ENSG00000128203
TTC28	ENSG00000100154
KREMEN1	ENSG00000183762
RHBDD3	ENSG00000100263
GAS2L1	ENSG00000185340
RNF215	ENSG00000099999
MTFP1	ENSG00000242114
SLC35E4	ENSG00000100036
MORC2	ENSG00000133422
PIK3IP1	ENSG00000100100
SYN3	ENSG00000185666
TIMP3	ENSG00000100234
TOM1	ENSG00000100284
HMOX1	ENSG00000100292
MCM5	ENSG00000100297
LGALS1	ENSG00000100097
H1F0	
MICALL1	ENSG00000100139
BAIAP2L2	ENSG00000128298
KDELR3	ENSG00000100196
DDX17	ENSG00000100201
DMC1	ENSG00000100206
FAM227A	ENSG00000184949
JOSD1	ENSG00000100221
SUN2	ENSG00000100242
APOBEC3C	ENSG00000244509
CBX7	ENSG00000100307
MRTFA	ENSG00000196588
XPNPEP3	ENSG00000196236
ZC3H7B	ENSG00000100403
TEF	ENSG00000167074
TOB2	ENSG00000183864
CSDC2	ENSG00000172346
C22orf46	
SHISA8	ENSG00000234965
TNFRSF13C	ENSG00000159958
POLDIP3	ENSG00000100227
PACSIN2	ENSG00000100266
TSPO	ENSG00000100300
TTLL12	ENSG00000100304
EFCAB6	ENSG00000186976
SULT4A1	ENSG00000130540
SHISAL1	ENSG00000138944
PHF21B	ENSG00000056487
PPARA	ENSG00000186951
CDPF1	ENSG00000205643
TRMU	ENSG00000100416
CERK	ENSG00000100422
MAPK11	ENSG00000185386
LMF2	ENSG00000100258
MAPK8IP2	ENSG00000008735
USP25	ENSG00000155313
ADAMTS1	ENSG00000154734
BACH1	ENSG00000156273
KRTAP19-1	ENSG00000184351
SCAF4	ENSG00000156304
TCP10L	ENSG00000242220
OLIG1	ENSG00000184221
SLC5A3	ENSG00000198743
RCAN1	ENSG00000159200
RUNX1	ENSG00000159216
CBR3	ENSG00000159231
CHAF1B	ENSG00000159259
RIPPLY3	ENSG00000183145
DYRK1A	ENSG00000157540
B3GALT5	ENSG00000183778
BACE2	ENSG00000182240
ZBTB21	ENSG00000173276
ABCG1	ENSG00000160179
SLC37A1	ENSG00000160190
PKNOX1	ENSG00000160199
HSF2BP	ENSG00000160207
LRRC3	ENSG00000160233
POFUT2	ENSG00000186866
COL18A1	ENSG00000182871
SPATC1L	ENSG00000274679
C21orf58	ENSG00000160298
PCNT	ENSG00000160299
DIP2A	ENSG00000160305
MT-ND1	
MT-ATP8	
MT-ND6	
BX004987.1	
AL592183.1	
AC240274.1	
