PathwayID	topGO
GO:0006734	GO:0008152
GO:0006734	GO:0009987
GO:0008340	GO:0032501
GO:0014854	GO:0050896
GO:0019081	GO:0016032
GO:0019835	GO:0009987
GO:0031987	GO:0040011
GO:0042753	GO:0065007
GO:0042754	GO:0065007
GO:0043476	GO:0050896
GO:0043476	GO:0043473
GO:0044793	GO:0044419
GO:0044794	GO:0044419
GO:0045056	GO:0051179
GO:0045056	GO:0009987
GO:0045056	GO:0032501
GO:0045780	GO:0065007
GO:0046755	GO:0016032
GO:0046794	GO:0016032
GO:0048532	GO:0032502
GO:0051775	GO:0050896
GO:0060033	GO:0032502
GO:0060352	GO:0009987
GO:0060384	GO:0032501
GO:0060767	GO:0022414
GO:0060767	GO:0009987
GO:0061450	GO:0009987
GO:0061450	GO:0022414
GO:0072376	GO:0008152
GO:0090713	GO:0002376
GO:0098743	GO:0009987
GO:1900272	GO:0065007
GO:1904181	GO:0065007
GO:0000054	GO:0051179
GO:0000054	GO:0009987
GO:0000212	GO:0009987
GO:0000212	GO:0022414
GO:0001542	GO:0022414
GO:0001542	GO:0048511
GO:0001553	GO:0022414
GO:0001553	GO:0048511
GO:0001780	GO:0002376
GO:0001780	GO:0032501
GO:0001780	GO:0042592
GO:0001832	GO:0040007
GO:0001919	GO:0065007
GO:0001945	GO:0032502
GO:0002024	GO:0008152
GO:0002026	GO:0065007
GO:0002418	GO:0050896
GO:0002418	GO:0002376
GO:0002433	GO:0002376
GO:0002433	GO:0009987
GO:0002433	GO:0065007
GO:0002467	GO:0002376
GO:0002467	GO:0050896
GO:0002467	GO:0032502
GO:0002468	GO:0002376
GO:0002566	GO:0002376
GO:0003157	GO:0032502
GO:0003188	GO:0032502
GO:0003207	GO:0032502
GO:0003299	GO:0050896
GO:0003299	GO:0032501
GO:0003353	GO:0065007
GO:0006450	GO:0065007
GO:0006921	GO:0009987
GO:0006991	GO:0050896
GO:0007379	GO:0032501
GO:0007440	GO:0032502
GO:0007530	GO:0022414
GO:0007530	GO:0032502
GO:0007567	GO:0022414
GO:0007567	GO:0032501
GO:0007635	GO:0032501
GO:0007638	GO:0032501
GO:0008228	GO:0002376
GO:0008356	GO:0009987
GO:0009404	GO:0008152
GO:0009404	GO:0009987
GO:0009415	GO:0050896
GO:0009812	GO:0008152
GO:0010457	GO:0009987
GO:0010623	GO:0009987
GO:0010623	GO:0032502
GO:0010714	GO:0065007
GO:0010842	GO:0032502
GO:0010884	GO:0065007
GO:0010888	GO:0065007
GO:0010984	GO:0065007
GO:0010992	GO:0042592
GO:0014029	GO:0009987
GO:0014029	GO:0032502
GO:0014742	GO:0065007
GO:0014850	GO:0050896
GO:0014889	GO:0032501
GO:0014889	GO:0050896
GO:0015780	GO:0051179
GO:0015780	GO:0009987
GO:0018904	GO:0008152
GO:0021516	GO:0032502
GO:0021542	GO:0032502
GO:0021548	GO:0032502
GO:0021602	GO:0032502
GO:0021670	GO:0032502
GO:0021681	GO:0032502
GO:0022038	GO:0032502
GO:0023019	GO:0009987
GO:0023019	GO:0065007
GO:0030011	GO:0009987
GO:0030157	GO:0051179
GO:0030157	GO:0065007
GO:0030157	GO:0032501
GO:0030259	GO:0008152
GO:0030259	GO:0009987
GO:0030728	GO:0022414
GO:0031643	GO:0065007
GO:0031645	GO:0065007
GO:0032351	GO:0065007
GO:0032352	GO:0065007
GO:0032369	GO:0065007
GO:0032634	GO:0008152
GO:0032634	GO:0009987
GO:0032634	GO:0032501
GO:0032836	GO:0009987
GO:0032836	GO:0032502
GO:0033327	GO:0022414
GO:0033327	GO:0032502
GO:0033327	GO:0009987
GO:0033504	GO:0032502
GO:0034086	GO:0009987
GO:0034104	GO:0065007
GO:0034105	GO:0065007
GO:0034383	GO:0032501
GO:0034505	GO:0032502
GO:0034975	GO:0009987
GO:0035112	GO:0022414
GO:0035112	GO:0032502
GO:0035461	GO:0051179
GO:0035461	GO:0009987
GO:0035815	GO:0065007
GO:0035878	GO:0032502
GO:0035902	GO:0050896
GO:0035988	GO:0009987
GO:0036065	GO:0008152
GO:0036119	GO:0050896
GO:0036302	GO:0032502
GO:0036342	GO:0032502
GO:0036363	GO:0009987
GO:0036363	GO:0065007
GO:0040015	GO:0065007
GO:0042026	GO:0009987
GO:0042118	GO:0009987
GO:0042118	GO:0032501
GO:0042403	GO:0008152
GO:0042403	GO:0009987
GO:0042403	GO:0065007
GO:0042447	GO:0008152
GO:0042447	GO:0065007
GO:0043576	GO:0065007
GO:0043922	GO:0044419
GO:0043923	GO:0044419
GO:0044550	GO:0008152
GO:0044771	GO:0009987
GO:0044771	GO:0022414
GO:0044827	GO:0044419
GO:0044849	GO:0048511
GO:0044849	GO:0022414
GO:0045023	GO:0009987
GO:0045061	GO:0002376
GO:0045117	GO:0051179
GO:0045117	GO:0009987
GO:0045830	GO:0065007
GO:0045932	GO:0065007
GO:0046500	GO:0008152
GO:0046500	GO:0009987
GO:0046541	GO:0051179
GO:0046541	GO:0065007
GO:0046541	GO:0032501
GO:0046618	GO:0051179
GO:0046618	GO:0009987
GO:0046697	GO:0022414
GO:0046697	GO:0032502
GO:0046716	GO:0042592
GO:0046782	GO:0065007
GO:0048070	GO:0065007
GO:0048199	GO:0009987
GO:0048265	GO:0050896
GO:0048265	GO:0032501
GO:0048521	GO:0065007
GO:0048634	GO:0065007
GO:0048753	GO:0009987
GO:0048755	GO:0032502
GO:0048755	GO:0032501
GO:0048853	GO:0032502
GO:0051014	GO:0009987
GO:0051238	GO:0051179
GO:0051255	GO:0009987
GO:0051284	GO:0065007
GO:0051299	GO:0009987
GO:0051307	GO:0009987
GO:0051307	GO:0022414
GO:0051409	GO:0050896
GO:0051446	GO:0065007
GO:0051450	GO:0009987
GO:0051481	GO:0065007
GO:0051645	GO:0051179
GO:0051647	GO:0051179
GO:0051657	GO:0009987
GO:0051657	GO:0051179
GO:0051782	GO:0065007
GO:0051798	GO:0065007
GO:0051875	GO:0051179
GO:0051984	GO:0065007
GO:0055057	GO:0009987
GO:0060008	GO:0022414
GO:0060008	GO:0032502
GO:0060008	GO:0009987
GO:0060174	GO:0032502
GO:0060263	GO:0065007
GO:0060343	GO:0032502
GO:0060456	GO:0065007
GO:0060457	GO:0065007
GO:0060512	GO:0022414
GO:0060512	GO:0032502
GO:0060561	GO:0009987
GO:0060669	GO:0032502
GO:0060670	GO:0032502
GO:0060670	GO:0032501
GO:0060706	GO:0022414
GO:0060706	GO:0032502
GO:0060706	GO:0009987
GO:0060736	GO:0022414
GO:0060736	GO:0032502
GO:0060736	GO:0032501
GO:0060736	GO:0040007
GO:0060742	GO:0022414
GO:0060742	GO:0032502
GO:0060742	GO:0009987
GO:0060749	GO:0032502
GO:0060900	GO:0032502
GO:0061000	GO:0065007
GO:0061029	GO:0032502
GO:0061037	GO:0065007
GO:0061303	GO:0032502
GO:0061323	GO:0009987
GO:0061339	GO:0009987
GO:0061635	GO:0065007
GO:0061744	GO:0032501
GO:0070254	GO:0051179
GO:0070254	GO:0065007
GO:0070254	GO:0032501
GO:0070314	GO:0009987
GO:0070341	GO:0009987
GO:0070572	GO:0065007
GO:0070989	GO:0008152
GO:0071696	GO:0032502
GO:0072111	GO:0009987
GO:0072530	GO:0051179
GO:0072530	GO:0009987
GO:0072531	GO:0051179
GO:0072531	GO:0009987
GO:0072537	GO:0009987
GO:0072537	GO:0032501
GO:0080154	GO:0065007
GO:0090141	GO:0065007
GO:0090184	GO:0065007
GO:0090399	GO:0008152
GO:0090399	GO:0009987
GO:0090520	GO:0009987
GO:0090520	GO:0065007
GO:0097094	GO:0032502
GO:0097150	GO:0032501
GO:0097150	GO:0032502
GO:0097278	GO:0009987
GO:0097709	GO:0032501
GO:0098901	GO:0065007
GO:0099623	GO:0065007
GO:1900006	GO:0065007
GO:1900117	GO:0065007
GO:1900221	GO:0065007
GO:1901030	GO:0065007
GO:1901030	GO:0009987
GO:1901862	GO:0065007
GO:1902074	GO:0050896
GO:1902459	GO:0065007
GO:1902683	GO:0065007
GO:1903779	GO:0065007
GO:1903867	GO:0032502
GO:1903901	GO:0065007
GO:1903902	GO:0065007
GO:1905208	GO:0065007
GO:1905939	GO:0065007
GO:2000833	GO:0065007
GO:0000305	GO:0050896
GO:0001696	GO:0032501
GO:0001696	GO:0051179
GO:0001767	GO:0009987
GO:0001771	GO:0009987
GO:0001829	GO:0009987
GO:0001829	GO:0032502
GO:0001867	GO:0002376
GO:0001867	GO:0065007
GO:0001867	GO:0050896
GO:0001867	GO:0044419
GO:0001958	GO:0032501
GO:0001967	GO:0032501
GO:0001976	GO:0032501
GO:0002070	GO:0009987
GO:0002070	GO:0032502
GO:0002076	GO:0032502
GO:0002076	GO:0009987
GO:0002183	GO:0008152
GO:0002183	GO:0009987
GO:0002227	GO:0002376
GO:0002227	GO:0050896
GO:0002227	GO:0044419
GO:0002357	GO:0050896
GO:0002423	GO:0002376
GO:0002423	GO:0050896
GO:0002423	GO:0044419
GO:0002474	GO:0002376
GO:0002638	GO:0065007
GO:0002689	GO:0065007
GO:0002693	GO:0065007
GO:0002759	GO:0065007
GO:0002765	GO:0009987
GO:0002765	GO:0065007
GO:0002863	GO:0065007
GO:0003071	GO:0032501
GO:0003091	GO:0032501
GO:0003091	GO:0065007
GO:0003091	GO:0042592
GO:0003096	GO:0032501
GO:0003096	GO:0051179
GO:0003156	GO:0065007
GO:0003283	GO:0032502
GO:0003401	GO:0040007
GO:0005513	GO:0050896
GO:0006002	GO:0008152
GO:0006002	GO:0009987
GO:0006020	GO:0008152
GO:0006047	GO:0008152
GO:0006047	GO:0009987
GO:0006054	GO:0008152
GO:0006054	GO:0009987
GO:0006089	GO:0008152
GO:0006089	GO:0009987
GO:0006490	GO:0008152
GO:0006490	GO:0009987
GO:0006521	GO:0065007
GO:0006547	GO:0008152
GO:0006547	GO:0009987
GO:0006577	GO:0008152
GO:0006577	GO:0009987
GO:0006658	GO:0008152
GO:0006658	GO:0009987
GO:0006702	GO:0008152
GO:0006702	GO:0065007
GO:0006703	GO:0008152
GO:0006703	GO:0065007
GO:0006760	GO:0008152
GO:0006760	GO:0009987
GO:0006783	GO:0008152
GO:0006783	GO:0009987
GO:0006851	GO:0051179
GO:0006851	GO:0009987
GO:0006957	GO:0002376
GO:0006957	GO:0065007
GO:0006957	GO:0050896
GO:0006957	GO:0044419
GO:0006971	GO:0050896
GO:0006972	GO:0050896
GO:0006983	GO:0009987
GO:0006983	GO:0065007
GO:0006983	GO:0050896
GO:0007063	GO:0065007
GO:0007064	GO:0009987
GO:0007135	GO:0009987
GO:0007135	GO:0022414
GO:0007191	GO:0009987
GO:0007191	GO:0065007
GO:0007216	GO:0009987
GO:0007216	GO:0065007
GO:0007350	GO:0032501
GO:0007398	GO:0032502
GO:0007603	GO:0009987
GO:0007603	GO:0065007
GO:0007603	GO:0050896
GO:0008209	GO:0008152
GO:0008209	GO:0065007
GO:0008343	GO:0032501
GO:0009081	GO:0008152
GO:0009081	GO:0009987
GO:0009110	GO:0008152
GO:0009110	GO:0009987
GO:0009111	GO:0008152
GO:0009111	GO:0009987
GO:0009950	GO:0032501
GO:0010172	GO:0032502
GO:0010454	GO:0065007
GO:0010459	GO:0065007
GO:0010460	GO:0065007
GO:0010470	GO:0065007
GO:0010544	GO:0065007
GO:0010575	GO:0065007
GO:0010612	GO:0065007
GO:0010635	GO:0065007
GO:0010640	GO:0065007
GO:0010649	GO:0065007
GO:0010744	GO:0065007
GO:0010745	GO:0065007
GO:0010766	GO:0065007
GO:0010826	GO:0065007
GO:0010829	GO:0065007
GO:0010878	GO:0051179
GO:0016081	GO:0009987
GO:0016081	GO:0051179
GO:0016226	GO:0009987
GO:0018342	GO:0008152
GO:0018342	GO:0009987
GO:0019321	GO:0008152
GO:0019400	GO:0008152
GO:0020027	GO:0008152
GO:0021534	GO:0009987
GO:0021846	GO:0009987
GO:0021871	GO:0032501
GO:0021889	GO:0009987
GO:0021889	GO:0032502
GO:0021979	GO:0009987
GO:0021979	GO:0032502
GO:0023035	GO:0009987
GO:0023035	GO:0065007
GO:0023058	GO:0065007
GO:0030150	GO:0051179
GO:0030150	GO:0009987
GO:0030202	GO:0008152
GO:0030202	GO:0009987
GO:0030277	GO:0032501
GO:0030277	GO:0042592
GO:0030318	GO:0009987
GO:0030318	GO:0032502
GO:0030388	GO:0008152
GO:0030388	GO:0009987
GO:0030449	GO:0065007
GO:0030539	GO:0032502
GO:0030539	GO:0022414
GO:0030540	GO:0032502
GO:0030540	GO:0022414
GO:0030656	GO:0065007
GO:0030730	GO:0051179
GO:0030948	GO:0065007
GO:0030949	GO:0065007
GO:0030953	GO:0009987
GO:0031649	GO:0032501
GO:0031649	GO:0042592
GO:0031943	GO:0065007
GO:0032069	GO:0065007
GO:0032239	GO:0065007
GO:0032252	GO:0051179
GO:0032332	GO:0065007
GO:0032490	GO:0050896
GO:0032494	GO:0050896
GO:0032525	GO:0032501
GO:0032700	GO:0065007
GO:0032703	GO:0065007
GO:0032780	GO:0065007
GO:0032905	GO:0008152
GO:0032905	GO:0009987
GO:0032905	GO:0032501
GO:0033005	GO:0065007
GO:0033145	GO:0065007
GO:0033151	GO:0002376
GO:0033151	GO:0008152
GO:0033151	GO:0009987
GO:0033194	GO:0050896
GO:0033197	GO:0050896
GO:0033212	GO:0051179
GO:0033212	GO:0042592
GO:0033262	GO:0065007
GO:0033605	GO:0065007
GO:0033629	GO:0065007
GO:0033631	GO:0009987
GO:0033689	GO:0065007
GO:0033690	GO:0065007
GO:0034379	GO:0009987
GO:0034379	GO:0032501
GO:0034397	GO:0051179
GO:0034453	GO:0009987
GO:0034616	GO:0050896
GO:0035268	GO:0008152
GO:0035357	GO:0009987
GO:0035357	GO:0065007
GO:0035459	GO:0051179
GO:0035561	GO:0065007
GO:0035630	GO:0032502
GO:0035721	GO:0009987
GO:0035721	GO:0051179
GO:0035809	GO:0032501
GO:0035809	GO:0065007
GO:0035845	GO:0009987
GO:0035872	GO:0002376
GO:0035872	GO:0065007
GO:0035872	GO:0009987
GO:0035929	GO:0051179
GO:0035929	GO:0065007
GO:0035929	GO:0009987
GO:0035994	GO:0050896
GO:0035999	GO:0008152
GO:0035999	GO:0009987
GO:0036109	GO:0008152
GO:0036109	GO:0009987
GO:0036376	GO:0051179
GO:0036376	GO:0009987
GO:0036498	GO:0009987
GO:0036498	GO:0065007
GO:0036498	GO:0050896
GO:0038007	GO:0009987
GO:0038007	GO:0065007
GO:0038065	GO:0009987
GO:0038065	GO:0065007
GO:0038166	GO:0009987
GO:0038166	GO:0065007
GO:0040037	GO:0065007
GO:0042117	GO:0009987
GO:0042117	GO:0032501
GO:0042117	GO:0002376
GO:0042182	GO:0008152
GO:0042182	GO:0009987
GO:0042339	GO:0008152
GO:0042339	GO:0009987
GO:0042359	GO:0008152
GO:0042474	GO:0032502
GO:0042537	GO:0008152
GO:0042537	GO:0009987
GO:0042574	GO:0008152
GO:0042574	GO:0009987
GO:0042693	GO:0009987
GO:0042693	GO:0032502
GO:0042756	GO:0032501
GO:0042762	GO:0065007
GO:0042989	GO:0009987
GO:0042989	GO:0065007
GO:0042989	GO:0051179
GO:0043032	GO:0065007
GO:0043101	GO:0008152
GO:0043101	GO:0009987
GO:0043116	GO:0032501
GO:0043116	GO:0065007
GO:0043117	GO:0032501
GO:0043117	GO:0065007
GO:0043153	GO:0050896
GO:0043153	GO:0065007
GO:0043171	GO:0008152
GO:0043171	GO:0009987
GO:0043173	GO:0008152
GO:0043173	GO:0009987
GO:0043320	GO:0002376
GO:0043320	GO:0051179
GO:0043320	GO:0009987
GO:0043501	GO:0032501
GO:0043501	GO:0050896
GO:0043518	GO:0065007
GO:0043555	GO:0065007
GO:0043567	GO:0065007
GO:0043574	GO:0051179
GO:0043574	GO:0009987
GO:0043589	GO:0032502
GO:0043651	GO:0008152
GO:0043651	GO:0009987
GO:0044321	GO:0050896
GO:0044331	GO:0009987
GO:0044342	GO:0009987
GO:0044406	GO:0044419
GO:0044804	GO:0008152
GO:0044804	GO:0009987
GO:0045064	GO:0009987
GO:0045064	GO:0032501
GO:0045064	GO:0002376
GO:0045064	GO:0032502
GO:0045472	GO:0050896
GO:0045475	GO:0032501
GO:0045475	GO:0048511
GO:0045605	GO:0065007
GO:0045606	GO:0065007
GO:0045663	GO:0065007
GO:0045721	GO:0065007
GO:0045737	GO:0065007
GO:0045821	GO:0065007
GO:0045838	GO:0065007
GO:0045922	GO:0065007
GO:0045947	GO:0065007
GO:0045980	GO:0065007
GO:0045989	GO:0065007
GO:0046184	GO:0008152
GO:0046184	GO:0009987
GO:0046185	GO:0008152
GO:0046185	GO:0009987
GO:0046415	GO:0008152
GO:0046415	GO:0009987
GO:0046599	GO:0065007
GO:0046823	GO:0065007
GO:0046835	GO:0008152
GO:0046835	GO:0009987
GO:0047484	GO:0065007
GO:0048102	GO:0009987
GO:0048103	GO:0009987
GO:0048143	GO:0009987
GO:0048143	GO:0032501
GO:0048148	GO:0032501
GO:0048311	GO:0009987
GO:0048311	GO:0051179
GO:0048385	GO:0065007
GO:0048484	GO:0032502
GO:0048485	GO:0032502
GO:0048486	GO:0032502
GO:0048535	GO:0032502
GO:0048641	GO:0065007
GO:0048668	GO:0009987
GO:0048668	GO:0040007
GO:0048672	GO:0065007
GO:0048703	GO:0032502
GO:0048820	GO:0032501
GO:0048820	GO:0032502
GO:0048843	GO:0065007
GO:0050665	GO:0008152
GO:0050665	GO:0009987
GO:0050746	GO:0065007
GO:0050910	GO:0032501
GO:0050910	GO:0050896
GO:0050926	GO:0065007
GO:0050995	GO:0065007
GO:0051013	GO:0009987
GO:0051095	GO:0065007
GO:0051156	GO:0008152
GO:0051156	GO:0009987
GO:0051220	GO:0051179
GO:0051315	GO:0009987
GO:0051340	GO:0065007
GO:0051386	GO:0065007
GO:0051660	GO:0009987
GO:0051660	GO:0051179
GO:0051923	GO:0008152
GO:0051923	GO:0009987
GO:0051988	GO:0065007
GO:0052646	GO:0008152
GO:0052646	GO:0009987
GO:0055023	GO:0065007
GO:0060055	GO:0032502
GO:0060065	GO:0032502
GO:0060065	GO:0022414
GO:0060081	GO:0065007
GO:0060159	GO:0065007
GO:0060245	GO:0050896
GO:0060253	GO:0065007
GO:0060368	GO:0065007
GO:0060391	GO:0065007
GO:0060438	GO:0032502
GO:0060442	GO:0032502
GO:0060442	GO:0022414
GO:0060442	GO:0032501
GO:0060445	GO:0032502
GO:0060445	GO:0032501
GO:0060479	GO:0009987
GO:0060479	GO:0032502
GO:0060536	GO:0032502
GO:0060601	GO:0032502
GO:0060628	GO:0065007
GO:0060716	GO:0032502
GO:0060746	GO:0032501
GO:0060746	GO:0022414
GO:0060841	GO:0032502
GO:0060911	GO:0009987
GO:0060911	GO:0032502
GO:0060972	GO:0032501
GO:0061003	GO:0065007
GO:0061052	GO:0065007
GO:0061298	GO:0032502
GO:0061430	GO:0032502
GO:0061517	GO:0009987
GO:0061548	GO:0032502
GO:0061684	GO:0008152
GO:0061684	GO:0009987
GO:0062009	GO:0032502
GO:0070170	GO:0065007
GO:0070189	GO:0008152
GO:0070189	GO:0009987
GO:0070278	GO:0051179
GO:0070278	GO:0009987
GO:0070293	GO:0032501
GO:0070391	GO:0050896
GO:0070417	GO:0050896
GO:0070417	GO:0009987
GO:0070493	GO:0009987
GO:0070493	GO:0065007
GO:0070561	GO:0009987
GO:0070561	GO:0065007
GO:0070593	GO:0009987
GO:0070601	GO:0009987
GO:0070942	GO:0009987
GO:0070942	GO:0002376
GO:0071107	GO:0050896
GO:0071236	GO:0050896
GO:0071236	GO:0009987
GO:0071243	GO:0050896
GO:0071243	GO:0009987
GO:0071257	GO:0050896
GO:0071257	GO:0009987
GO:0071498	GO:0050896
GO:0071498	GO:0009987
GO:0071599	GO:0032502
GO:0071605	GO:0008152
GO:0071605	GO:0009987
GO:0071605	GO:0032501
GO:0071609	GO:0008152
GO:0071609	GO:0009987
GO:0071609	GO:0032501
GO:0071635	GO:0065007
GO:0071636	GO:0065007
GO:0071676	GO:0065007
GO:0071731	GO:0050896
GO:0072010	GO:0032502
GO:0072044	GO:0032502
GO:0072148	GO:0009987
GO:0072148	GO:0032502
GO:0072176	GO:0032502
GO:0072189	GO:0032502
GO:0072224	GO:0032502
GO:0072520	GO:0032502
GO:0072520	GO:0022414
GO:0072567	GO:0008152
GO:0072567	GO:0009987
GO:0072567	GO:0032501
GO:0072683	GO:0002376
GO:0072683	GO:0009987
GO:0072710	GO:0050896
GO:0086067	GO:0009987
GO:0086070	GO:0009987
GO:0086100	GO:0009987
GO:0086100	GO:0065007
GO:0086103	GO:0009987
GO:0086103	GO:0065007
GO:0090084	GO:0065007
GO:0090103	GO:0032502
GO:0090136	GO:0009987
GO:0090153	GO:0065007
GO:0090189	GO:0065007
GO:0090205	GO:0065007
GO:0090208	GO:0065007
GO:0090209	GO:0065007
GO:0090219	GO:0065007
GO:0090594	GO:0050896
GO:0097066	GO:0050896
GO:0097205	GO:0032501
GO:0097468	GO:0009987
GO:0097531	GO:0002376
GO:0097531	GO:0009987
GO:0098780	GO:0050896
GO:0098780	GO:0009987
GO:0098792	GO:0008152
GO:0098792	GO:0009987
GO:0098840	GO:0051179
GO:0098840	GO:0009987
GO:0098911	GO:0065007
GO:0099509	GO:0042592
GO:0110096	GO:0050896
GO:0110096	GO:0009987
GO:0140042	GO:0009987
GO:0140052	GO:0050896
GO:0140052	GO:0009987
GO:0140112	GO:0009987
GO:0140374	GO:0002376
GO:0140374	GO:0050896
GO:0140374	GO:0044419
GO:0140467	GO:0050896
GO:0140467	GO:0009987
GO:0150172	GO:0065007
GO:1900034	GO:0065007
GO:1900037	GO:0065007
GO:1900103	GO:0065007
GO:1900115	GO:0065007
GO:1900246	GO:0065007
GO:1901028	GO:0065007
GO:1901028	GO:0009987
GO:1901142	GO:0008152
GO:1901160	GO:0008152
GO:1901201	GO:0065007
GO:1901503	GO:0008152
GO:1901533	GO:0065007
GO:1901569	GO:0008152
GO:1901856	GO:0065007
GO:1901857	GO:0065007
GO:1901894	GO:0065007
GO:1902224	GO:0008152
GO:1902224	GO:0009987
GO:1902236	GO:0065007
GO:1902237	GO:0065007
GO:1902337	GO:0065007
GO:1902410	GO:0009987
GO:1902547	GO:0065007
GO:1902644	GO:0008152
GO:1902931	GO:0065007
GO:1902969	GO:0008152
GO:1902969	GO:0009987
GO:1903019	GO:0065007
GO:1903020	GO:0065007
GO:1903054	GO:0065007
GO:1903427	GO:0065007
GO:1903428	GO:0065007
GO:1903429	GO:0065007
GO:1903727	GO:0065007
GO:1903729	GO:0065007
GO:1904251	GO:0065007
GO:1904376	GO:0065007
GO:1904424	GO:0065007
GO:1904948	GO:0009987
GO:1904948	GO:0032502
GO:1905214	GO:0065007
GO:1905522	GO:0065007
GO:1905709	GO:0065007
GO:1905809	GO:0065007
GO:1905820	GO:0065007
GO:2000009	GO:0065007
GO:2000010	GO:0065007
GO:2000035	GO:0065007
GO:2000193	GO:0065007
GO:2000253	GO:0065007
GO:2000644	GO:0065007
GO:2000648	GO:0065007
GO:2000737	GO:0065007
GO:2000738	GO:0065007
GO:2000773	GO:0065007
GO:2001014	GO:0065007
GO:2001044	GO:0065007
GO:2001135	GO:0065007
GO:2001212	GO:0065007
GO:0000097	GO:0008152
GO:0000097	GO:0009987
GO:0000098	GO:0008152
GO:0000098	GO:0009987
GO:0000272	GO:0008152
GO:0000729	GO:0008152
GO:0000729	GO:0009987
GO:0001325	GO:0008152
GO:0001325	GO:0009987
GO:0001702	GO:0032502
GO:0001710	GO:0009987
GO:0001710	GO:0032502
GO:0001711	GO:0009987
GO:0001711	GO:0032502
GO:0001731	GO:0009987
GO:0001778	GO:0009987
GO:0001915	GO:0065007
GO:0001973	GO:0009987
GO:0001973	GO:0065007
GO:0002052	GO:0065007
GO:0002091	GO:0065007
GO:0002281	GO:0009987
GO:0002281	GO:0032501
GO:0002281	GO:0002376
GO:0002320	GO:0009987
GO:0002320	GO:0032502
GO:0002430	GO:0002376
GO:0002430	GO:0065007
GO:0002430	GO:0009987
GO:0002674	GO:0065007
GO:0003081	GO:0065007
GO:0003081	GO:0032501
GO:0003084	GO:0065007
GO:0003085	GO:0065007
GO:0003128	GO:0032501
GO:0003159	GO:0032502
GO:0003174	GO:0032502
GO:0003177	GO:0032502
GO:0003214	GO:0032502
GO:0003215	GO:0032502
GO:0003222	GO:0032502
GO:0003298	GO:0032501
GO:0003306	GO:0009987
GO:0003306	GO:0065007
GO:0003334	GO:0032502
GO:0003334	GO:0009987
GO:0003357	GO:0009987
GO:0003357	GO:0032502
GO:0003413	GO:0009987
GO:0003413	GO:0032502
GO:0006000	GO:0008152
GO:0006067	GO:0008152
GO:0006144	GO:0008152
GO:0006144	GO:0009987
GO:0006206	GO:0008152
GO:0006206	GO:0009987
GO:0006266	GO:0008152
GO:0006266	GO:0009987
GO:0006285	GO:0008152
GO:0006285	GO:0009987
GO:0006287	GO:0008152
GO:0006287	GO:0009987
GO:0006415	GO:0009987
GO:0006465	GO:0008152
GO:0006474	GO:0008152
GO:0006491	GO:0008152
GO:0006516	GO:0008152
GO:0006517	GO:0008152
GO:0006534	GO:0008152
GO:0006534	GO:0009987
GO:0006570	GO:0008152
GO:0006570	GO:0009987
GO:0006656	GO:0008152
GO:0006656	GO:0009987
GO:0006684	GO:0008152
GO:0006684	GO:0009987
GO:0006706	GO:0008152
GO:0006707	GO:0008152
GO:0006743	GO:0008152
GO:0006743	GO:0009987
GO:0006751	GO:0008152
GO:0006751	GO:0009987
GO:0006833	GO:0051179
GO:0006895	GO:0051179
GO:0006895	GO:0009987
GO:0006896	GO:0051179
GO:0006896	GO:0009987
GO:0006995	GO:0050896
GO:0006995	GO:0009987
GO:0006999	GO:0009987
GO:0007026	GO:0065007
GO:0007039	GO:0008152
GO:0007168	GO:0009987
GO:0007168	GO:0065007
GO:0007250	GO:0065007
GO:0007494	GO:0032502
GO:0007512	GO:0032502
GO:0007614	GO:0032501
GO:0008211	GO:0008152
GO:0008272	GO:0051179
GO:0008300	GO:0008152
GO:0008300	GO:0009987
GO:0009120	GO:0008152
GO:0009120	GO:0009987
GO:0009226	GO:0008152
GO:0009226	GO:0009987
GO:0009235	GO:0008152
GO:0009235	GO:0009987
GO:0009263	GO:0008152
GO:0009263	GO:0009987
GO:0009310	GO:0008152
GO:0009312	GO:0008152
GO:0009313	GO:0008152
GO:0009642	GO:0050896
GO:0010002	GO:0009987
GO:0010002	GO:0032502
GO:0010042	GO:0050896
GO:0010226	GO:0050896
GO:0010288	GO:0050896
GO:0010310	GO:0065007
GO:0010592	GO:0065007
GO:0010715	GO:0065007
GO:0010738	GO:0065007
GO:0010752	GO:0065007
GO:0010763	GO:0065007
GO:0010771	GO:0065007
GO:0010838	GO:0065007
GO:0010839	GO:0065007
GO:0010866	GO:0065007
GO:0010893	GO:0065007
GO:0010917	GO:0065007
GO:0010968	GO:0065007
GO:0014819	GO:0065007
GO:0014856	GO:0009987
GO:0014912	GO:0065007
GO:0015074	GO:0008152
GO:0015074	GO:0009987
GO:0015697	GO:0051179
GO:0015732	GO:0051179
GO:0015810	GO:0051179
GO:0015810	GO:0009987
GO:0015851	GO:0051179
GO:0016114	GO:0008152
GO:0016114	GO:0009987
GO:0016137	GO:0008152
GO:0016322	GO:0009987
GO:0016322	GO:0032502
GO:0016338	GO:0009987
GO:0017014	GO:0008152
GO:0018126	GO:0008152
GO:0018158	GO:0008152
GO:0019336	GO:0008152
GO:0019336	GO:0009987
GO:0019372	GO:0008152
GO:0019372	GO:0009987
GO:0019755	GO:0051179
GO:0021554	GO:0032502
GO:0021559	GO:0032502
GO:0021562	GO:0032502
GO:0021859	GO:0009987
GO:0021859	GO:0032502
GO:0021904	GO:0032501
GO:0022010	GO:0009987
GO:0022011	GO:0009987
GO:0030002	GO:0042592
GO:0030397	GO:0009987
GO:0030810	GO:0065007
GO:0030878	GO:0032502
GO:0030970	GO:0051179
GO:0030970	GO:0009987
GO:0031115	GO:0065007
GO:0031167	GO:0008152
GO:0031167	GO:0009987
GO:0031282	GO:0065007
GO:0031445	GO:0065007
GO:0031958	GO:0009987
GO:0031958	GO:0065007
GO:0031998	GO:0065007
GO:0032025	GO:0050896
GO:0032026	GO:0050896
GO:0032042	GO:0008152
GO:0032042	GO:0009987
GO:0032070	GO:0065007
GO:0032274	GO:0051179
GO:0032274	GO:0065007
GO:0032274	GO:0009987
GO:0032536	GO:0009987
GO:0032536	GO:0065007
GO:0032688	GO:0065007
GO:0032793	GO:0065007
GO:0032925	GO:0065007
GO:0032926	GO:0065007
GO:0032957	GO:0008152
GO:0032957	GO:0009987
GO:0033147	GO:0065007
GO:0033189	GO:0050896
GO:0033275	GO:0009987
GO:0033572	GO:0051179
GO:0033572	GO:0009987
GO:0033625	GO:0065007
GO:0033762	GO:0050896
GO:0033860	GO:0065007
GO:0034112	GO:0065007
GO:0034114	GO:0065007
GO:0034349	GO:0009987
GO:0034389	GO:0009987
GO:0034497	GO:0051179
GO:0034497	GO:0009987
GO:0034638	GO:0008152
GO:0034638	GO:0009987
GO:0034695	GO:0050896
GO:0034776	GO:0050896
GO:0035162	GO:0032502
GO:0035162	GO:0009987
GO:0035313	GO:0009987
GO:0035330	GO:0065007
GO:0035437	GO:0051179
GO:0035437	GO:0009987
GO:0035455	GO:0050896
GO:0035562	GO:0065007
GO:0035589	GO:0009987
GO:0035589	GO:0065007
GO:0035627	GO:0051179
GO:0035728	GO:0050896
GO:0035747	GO:0002376
GO:0035747	GO:0009987
GO:0035747	GO:0040011
GO:0035767	GO:0009987
GO:0035767	GO:0040011
GO:0035774	GO:0065007
GO:0035855	GO:0032502
GO:0035855	GO:0009987
GO:0035864	GO:0050896
GO:0035886	GO:0009987
GO:0035886	GO:0032502
GO:0036035	GO:0032502
GO:0036035	GO:0009987
GO:0036151	GO:0008152
GO:0036151	GO:0009987
GO:0036152	GO:0008152
GO:0036152	GO:0009987
GO:0036295	GO:0050896
GO:0036295	GO:0009987
GO:0038180	GO:0009987
GO:0038180	GO:0065007
GO:0038203	GO:0009987
GO:0038203	GO:0065007
GO:0039532	GO:0065007
GO:0042045	GO:0051179
GO:0042059	GO:0065007
GO:0042074	GO:0009987
GO:0042159	GO:0008152
GO:0042249	GO:0032502
GO:0042278	GO:0008152
GO:0042278	GO:0009987
GO:0042481	GO:0065007
GO:0042538	GO:0050896
GO:0042559	GO:0008152
GO:0042559	GO:0009987
GO:0042670	GO:0009987
GO:0042670	GO:0032502
GO:0042772	GO:0050896
GO:0042772	GO:0009987
GO:0042772	GO:0065007
GO:0042983	GO:0008152
GO:0042983	GO:0009987
GO:0043201	GO:0050896
GO:0043217	GO:0009987
GO:0043247	GO:0008152
GO:0043247	GO:0009987
GO:0043247	GO:0050896
GO:0043584	GO:0032502
GO:0043586	GO:0032502
GO:0043949	GO:0065007
GO:0043951	GO:0065007
GO:0044030	GO:0065007
GO:0044090	GO:0065007
GO:0044346	GO:0009987
GO:0044557	GO:0032501
GO:0044790	GO:0050896
GO:0044790	GO:0044419
GO:0044819	GO:0009987
GO:0044819	GO:0065007
GO:0044872	GO:0051179
GO:0044872	GO:0009987
GO:0045019	GO:0065007
GO:0045161	GO:0009987
GO:0045176	GO:0051179
GO:0045176	GO:0009987
GO:0045324	GO:0051179
GO:0045324	GO:0009987
GO:0045342	GO:0008152
GO:0045342	GO:0009987
GO:0045540	GO:0065007
GO:0045603	GO:0065007
GO:0045625	GO:0065007
GO:0045653	GO:0065007
GO:0045654	GO:0065007
GO:0045722	GO:0065007
GO:0045723	GO:0065007
GO:0045724	GO:0065007
GO:0045741	GO:0065007
GO:0045815	GO:0065007
GO:0045815	GO:0009987
GO:0045954	GO:0065007
GO:0046112	GO:0008152
GO:0046112	GO:0009987
GO:0046174	GO:0008152
GO:0046322	GO:0065007
GO:0046348	GO:0008152
GO:0046386	GO:0008152
GO:0046386	GO:0009987
GO:0046459	GO:0008152
GO:0046459	GO:0009987
GO:0046519	GO:0008152
GO:0046519	GO:0009987
GO:0046689	GO:0050896
GO:0046827	GO:0065007
GO:0046834	GO:0008152
GO:0046834	GO:0009987
GO:0048011	GO:0009987
GO:0048011	GO:0065007
GO:0048251	GO:0009987
GO:0048262	GO:0032501
GO:0048308	GO:0009987
GO:0048339	GO:0032502
GO:0048368	GO:0032502
GO:0048557	GO:0032502
GO:0048733	GO:0032502
GO:0048742	GO:0065007
GO:0048934	GO:0009987
GO:0048934	GO:0032502
GO:0050667	GO:0008152
GO:0050667	GO:0009987
GO:0050849	GO:0065007
GO:0050872	GO:0009987
GO:0050872	GO:0032502
GO:0050884	GO:0032501
GO:0051127	GO:0065007
GO:0051152	GO:0065007
GO:0051204	GO:0051179
GO:0051204	GO:0009987
GO:0051342	GO:0065007
GO:0051412	GO:0050896
GO:0051451	GO:0009987
GO:0051457	GO:0051179
GO:0051457	GO:0009987
GO:0051546	GO:0009987
GO:0051608	GO:0051179
GO:0051639	GO:0009987
GO:0051764	GO:0009987
GO:0051791	GO:0008152
GO:0051791	GO:0009987
GO:0051882	GO:0065007
GO:0051895	GO:0065007
GO:0055003	GO:0009987
GO:0055003	GO:0032502
GO:0055119	GO:0032501
GO:0060019	GO:0009987
GO:0060019	GO:0032502
GO:0060026	GO:0032502
GO:0060039	GO:0032502
GO:0060049	GO:0065007
GO:0060099	GO:0065007
GO:0060216	GO:0032502
GO:0060216	GO:0009987
GO:0060221	GO:0009987
GO:0060221	GO:0032502
GO:0060231	GO:0009987
GO:0060231	GO:0032502
GO:0060339	GO:0065007
GO:0060340	GO:0065007
GO:0060382	GO:0065007
GO:0060433	GO:0032502
GO:0060571	GO:0032502
GO:0060575	GO:0009987
GO:0060575	GO:0032502
GO:0060603	GO:0032502
GO:0060644	GO:0009987
GO:0060644	GO:0032502
GO:0060765	GO:0065007
GO:0060977	GO:0032502
GO:0061307	GO:0009987
GO:0061307	GO:0032502
GO:0061314	GO:0009987
GO:0061314	GO:0065007
GO:0061484	GO:0032501
GO:0061484	GO:0042592
GO:0061626	GO:0032502
GO:0062098	GO:0065007
GO:0062125	GO:0065007
GO:0070099	GO:0065007
GO:0070102	GO:0009987
GO:0070102	GO:0065007
GO:0070199	GO:0051179
GO:0070199	GO:0009987
GO:0070307	GO:0032502
GO:0070307	GO:0009987
GO:0070327	GO:0051179
GO:0070327	GO:0065007
GO:0070365	GO:0009987
GO:0070365	GO:0032502
GO:0070486	GO:0009987
GO:0070586	GO:0009987
GO:0070723	GO:0050896
GO:0070841	GO:0009987
GO:0070920	GO:0065007
GO:0070977	GO:0032502
GO:0071071	GO:0065007
GO:0071295	GO:0050896
GO:0071295	GO:0009987
GO:0071318	GO:0050896
GO:0071318	GO:0009987
GO:0071359	GO:0050896
GO:0071359	GO:0009987
GO:0071371	GO:0050896
GO:0071371	GO:0009987
GO:0071391	GO:0050896
GO:0071391	GO:0009987
GO:0071472	GO:0050896
GO:0071472	GO:0009987
GO:0071871	GO:0050896
GO:0072074	GO:0032502
GO:0072173	GO:0032502
GO:0072488	GO:0051179
GO:0072488	GO:0009987
GO:0072497	GO:0009987
GO:0072497	GO:0032502
GO:0072576	GO:0032502
GO:0086014	GO:0065007
GO:0090036	GO:0065007
GO:0090158	GO:0009987
GO:0090169	GO:0065007
GO:0090200	GO:0065007
GO:0090201	GO:0065007
GO:0090280	GO:0065007
GO:0090335	GO:0065007
GO:0090493	GO:0051179
GO:0090670	GO:0051179
GO:0097049	GO:0009987
GO:0097062	GO:0009987
GO:0097084	GO:0032502
GO:0097084	GO:0009987
GO:0097152	GO:0009987
GO:0097267	GO:0008152
GO:0097267	GO:0009987
GO:0097396	GO:0050896
GO:0097421	GO:0032502
GO:0097428	GO:0008152
GO:0097494	GO:0009987
GO:0097494	GO:0065007
GO:0097503	GO:0008152
GO:0098760	GO:0050896
GO:0098917	GO:0009987
GO:0098917	GO:0065007
GO:0099170	GO:0065007
GO:0099171	GO:0065007
GO:0099188	GO:0009987
GO:0099515	GO:0051179
GO:0099515	GO:0009987
GO:0099550	GO:0065007
GO:0099550	GO:0009987
GO:0099560	GO:0009987
GO:0099638	GO:0051179
GO:0099638	GO:0009987
GO:0101023	GO:0009987
GO:0106070	GO:0065007
GO:0140059	GO:0009987
GO:0140059	GO:0032502
GO:0140354	GO:0051179
GO:0150011	GO:0065007
GO:0150065	GO:0065007
GO:0150146	GO:0009987
GO:1900029	GO:0065007
GO:1900120	GO:0065007
GO:1900262	GO:0065007
GO:1901071	GO:0008152
GO:1901096	GO:0065007
GO:1901380	GO:0065007
GO:1901550	GO:0065007
GO:1901659	GO:0008152
GO:1901798	GO:0065007
GO:1901881	GO:0065007
GO:1901978	GO:0065007
GO:1902001	GO:0051179
GO:1902001	GO:0009987
GO:1902036	GO:0065007
GO:1902065	GO:0050896
GO:1902175	GO:0065007
GO:1902285	GO:0009987
GO:1902285	GO:0065007
GO:1902307	GO:0065007
GO:1902473	GO:0065007
GO:1902993	GO:0065007
GO:1903265	GO:0065007
GO:1903319	GO:0065007
GO:1903358	GO:0065007
GO:1903441	GO:0051179
GO:1903441	GO:0009987
GO:1903564	GO:0065007
GO:1903599	GO:0065007
GO:1903624	GO:0065007
GO:1903671	GO:0065007
GO:1903672	GO:0065007
GO:1903800	GO:0065007
GO:1903961	GO:0065007
GO:1903975	GO:0065007
GO:1904292	GO:0065007
GO:1904321	GO:0050896
GO:1904338	GO:0065007
GO:1904526	GO:0065007
GO:1904706	GO:0065007
GO:1904779	GO:0065007
GO:1904814	GO:0065007
GO:1905456	GO:0065007
GO:1905906	GO:0065007
GO:1990403	GO:0032502
GO:2000001	GO:0065007
GO:2000049	GO:0065007
GO:2000050	GO:0065007
GO:2000232	GO:0065007
GO:2000425	GO:0065007
GO:2000508	GO:0065007
GO:2000629	GO:0065007
GO:2000696	GO:0065007
GO:2000810	GO:0065007
GO:2001138	GO:0065007
GO:2001198	GO:0065007
GO:2001223	GO:0065007
GO:2001224	GO:0065007
GO:2001241	GO:0065007
GO:0000012	GO:0008152
GO:0000012	GO:0009987
GO:0000012	GO:0050896
GO:0000027	GO:0009987
GO:0000028	GO:0009987
GO:0000076	GO:0009987
GO:0000076	GO:0065007
GO:0000338	GO:0008152
GO:0000470	GO:0008152
GO:0000470	GO:0009987
GO:0000491	GO:0009987
GO:0000963	GO:0008152
GO:0000963	GO:0009987
GO:0000966	GO:0008152
GO:0000966	GO:0009987
GO:0001522	GO:0008152
GO:0001522	GO:0009987
GO:0001765	GO:0009987
GO:0001886	GO:0032502
GO:0002068	GO:0032502
GO:0002068	GO:0009987
GO:0002182	GO:0008152
GO:0002182	GO:0009987
GO:0002291	GO:0009987
GO:0002291	GO:0032501
GO:0002291	GO:0002376
GO:0002327	GO:0009987
GO:0002327	GO:0032501
GO:0002327	GO:0002376
GO:0002327	GO:0032502
GO:0002713	GO:0065007
GO:0002756	GO:0002376
GO:0002756	GO:0065007
GO:0002756	GO:0009987
GO:0002934	GO:0009987
GO:0003228	GO:0032502
GO:0003356	GO:0065007
GO:0005979	GO:0065007
GO:0006007	GO:0008152
GO:0006085	GO:0008152
GO:0006085	GO:0009987
GO:0006271	GO:0008152
GO:0006271	GO:0009987
GO:0006298	GO:0008152
GO:0006298	GO:0009987
GO:0006298	GO:0050896
GO:0006312	GO:0008152
GO:0006312	GO:0009987
GO:0006353	GO:0008152
GO:0006353	GO:0009987
GO:0006359	GO:0065007
GO:0006390	GO:0008152
GO:0006390	GO:0009987
GO:0006448	GO:0065007
GO:0006515	GO:0008152
GO:0006525	GO:0008152
GO:0006525	GO:0009987
GO:0006541	GO:0008152
GO:0006541	GO:0009987
GO:0006544	GO:0008152
GO:0006544	GO:0009987
GO:0006560	GO:0008152
GO:0006560	GO:0009987
GO:0006595	GO:0008152
GO:0006607	GO:0051179
GO:0006607	GO:0009987
GO:0006613	GO:0051179
GO:0006613	GO:0009987
GO:0006620	GO:0051179
GO:0006620	GO:0009987
GO:0006622	GO:0051179
GO:0006622	GO:0009987
GO:0006646	GO:0008152
GO:0006646	GO:0009987
GO:0006655	GO:0008152
GO:0006655	GO:0009987
GO:0006677	GO:0008152
GO:0006677	GO:0009987
GO:0006787	GO:0008152
GO:0006787	GO:0009987
GO:0006857	GO:0051179
GO:0007000	GO:0009987
GO:0007096	GO:0065007
GO:0007171	GO:0065007
GO:0007171	GO:0009987
GO:0007549	GO:0009987
GO:0007549	GO:0065007
GO:0008053	GO:0009987
GO:0009065	GO:0008152
GO:0009065	GO:0009987
GO:0009067	GO:0008152
GO:0009067	GO:0009987
GO:0009068	GO:0008152
GO:0009068	GO:0009987
GO:0009070	GO:0008152
GO:0009070	GO:0009987
GO:0009071	GO:0008152
GO:0009071	GO:0009987
GO:0009084	GO:0008152
GO:0009084	GO:0009987
GO:0009129	GO:0008152
GO:0009129	GO:0009987
GO:0009133	GO:0008152
GO:0009133	GO:0009987
GO:0009134	GO:0008152
GO:0009134	GO:0009987
GO:0009143	GO:0008152
GO:0009143	GO:0009987
GO:0009147	GO:0008152
GO:0009147	GO:0009987
GO:0009151	GO:0008152
GO:0009151	GO:0009987
GO:0009162	GO:0008152
GO:0009162	GO:0009987
GO:0009200	GO:0008152
GO:0009200	GO:0009987
GO:0009650	GO:0050896
GO:0009713	GO:0008152
GO:0009713	GO:0009987
GO:0010155	GO:0065007
GO:0010224	GO:0050896
GO:0010225	GO:0050896
GO:0010661	GO:0065007
GO:0010831	GO:0065007
GO:0010832	GO:0065007
GO:0010875	GO:0065007
GO:0010955	GO:0065007
GO:0014820	GO:0032501
GO:0014821	GO:0032501
GO:0014829	GO:0032501
GO:0014829	GO:0065007
GO:0014831	GO:0032501
GO:0014848	GO:0032501
GO:0015701	GO:0051179
GO:0015801	GO:0051179
GO:0015802	GO:0051179
GO:0015803	GO:0051179
GO:0015816	GO:0051179
GO:0015936	GO:0008152
GO:0015936	GO:0009987
GO:0016540	GO:0008152
GO:0016553	GO:0008152
GO:0016553	GO:0009987
GO:0016556	GO:0008152
GO:0016556	GO:0009987
GO:0016559	GO:0009987
GO:0016973	GO:0051179
GO:0016973	GO:0009987
GO:0017121	GO:0009987
GO:0017121	GO:0051179
GO:0017121	GO:0065007
GO:0018026	GO:0008152
GO:0018027	GO:0008152
GO:0018195	GO:0008152
GO:0018202	GO:0008152
GO:0018206	GO:0008152
GO:0018242	GO:0008152
GO:0018410	GO:0008152
GO:0019184	GO:0008152
GO:0019184	GO:0009987
GO:0030252	GO:0051179
GO:0030252	GO:0065007
GO:0030252	GO:0009987
GO:0030497	GO:0008152
GO:0030497	GO:0009987
GO:0030575	GO:0009987
GO:0030852	GO:0065007
GO:0031000	GO:0050896
GO:0031055	GO:0009987
GO:0031268	GO:0009987
GO:0031293	GO:0008152
GO:0031468	GO:0009987
GO:0032011	GO:0009987
GO:0032011	GO:0065007
GO:0032328	GO:0051179
GO:0032329	GO:0051179
GO:0032367	GO:0051179
GO:0032367	GO:0009987
GO:0032482	GO:0009987
GO:0032482	GO:0065007
GO:0032486	GO:0009987
GO:0032486	GO:0065007
GO:0032528	GO:0009987
GO:0032769	GO:0065007
GO:0032782	GO:0051179
GO:0032986	GO:0009987
GO:0033079	GO:0009987
GO:0033079	GO:0032501
GO:0033079	GO:0002376
GO:0033700	GO:0051179
GO:0034035	GO:0008152
GO:0034035	GO:0009987
GO:0034067	GO:0051179
GO:0034067	GO:0009987
GO:0034138	GO:0002376
GO:0034138	GO:0065007
GO:0034138	GO:0009987
GO:0034154	GO:0002376
GO:0034154	GO:0065007
GO:0034154	GO:0009987
GO:0034390	GO:0009987
GO:0034755	GO:0051179
GO:0034755	GO:0009987
GO:0034982	GO:0008152
GO:0035246	GO:0008152
GO:0035278	GO:0065007
GO:0035493	GO:0009987
GO:0035584	GO:0009987
GO:0035584	GO:0065007
GO:0035860	GO:0009987
GO:0035860	GO:0065007
GO:0035907	GO:0032502
GO:0035933	GO:0051179
GO:0035933	GO:0065007
GO:0035933	GO:0009987
GO:0035970	GO:0008152
GO:0035970	GO:0009987
GO:0036260	GO:0008152
GO:0036260	GO:0009987
GO:0036462	GO:0009987
GO:0036462	GO:0065007
GO:0039530	GO:0002376
GO:0039530	GO:0065007
GO:0039530	GO:0009987
GO:0042501	GO:0008152
GO:0042501	GO:0009987
GO:0042532	GO:0065007
GO:0042759	GO:0008152
GO:0042759	GO:0009987
GO:0042976	GO:0008152
GO:0042976	GO:0009987
GO:0042976	GO:0065007
GO:0043248	GO:0009987
GO:0043252	GO:0051179
GO:0043649	GO:0008152
GO:0043649	GO:0009987
GO:0043650	GO:0008152
GO:0043650	GO:0009987
GO:0043653	GO:0009987
GO:0045006	GO:0008152
GO:0045006	GO:0009987
GO:0045048	GO:0051179
GO:0045048	GO:0009987
GO:0045217	GO:0009987
GO:0045579	GO:0065007
GO:0045649	GO:0065007
GO:0045655	GO:0065007
GO:0045672	GO:0065007
GO:0045793	GO:0009987
GO:0045793	GO:0065007
GO:0046337	GO:0008152
GO:0046337	GO:0009987
GO:0046339	GO:0008152
GO:0046339	GO:0009987
GO:0046341	GO:0008152
GO:0046341	GO:0009987
GO:0046462	GO:0008152
GO:0046462	GO:0009987
GO:0046501	GO:0008152
GO:0046501	GO:0009987
GO:0046514	GO:0008152
GO:0046514	GO:0009987
GO:0046931	GO:0009987
GO:0046940	GO:0008152
GO:0046940	GO:0009987
GO:0048012	GO:0009987
GO:0048012	GO:0065007
GO:0048026	GO:0065007
GO:0048194	GO:0009987
GO:0048711	GO:0065007
GO:0048715	GO:0065007
GO:0050686	GO:0065007
GO:0051131	GO:0009987
GO:0051444	GO:0065007
GO:0051497	GO:0065007
GO:0051974	GO:0065007
GO:0055012	GO:0009987
GO:0055012	GO:0032502
GO:0055089	GO:0042592
GO:0055091	GO:0042592
GO:0060117	GO:0032502
GO:0060117	GO:0009987
GO:0060155	GO:0009987
GO:0060192	GO:0065007
GO:0060287	GO:0009987
GO:0060287	GO:0051179
GO:0060623	GO:0065007
GO:0060920	GO:0009987
GO:0060920	GO:0032502
GO:0061158	GO:0065007
GO:0061709	GO:0008152
GO:0061709	GO:0009987
GO:0070071	GO:0009987
GO:0070091	GO:0051179
GO:0070091	GO:0065007
GO:0070091	GO:0009987
GO:0070141	GO:0050896
GO:0070213	GO:0008152
GO:0070262	GO:0008152
GO:0070262	GO:0009987
GO:0070471	GO:0032501
GO:0070525	GO:0008152
GO:0070525	GO:0009987
GO:0070831	GO:0009987
GO:0070861	GO:0065007
GO:0070914	GO:0008152
GO:0070914	GO:0009987
GO:0070914	GO:0050896
GO:0070935	GO:0065007
GO:0071025	GO:0008152
GO:0071025	GO:0009987
GO:0071340	GO:0051179
GO:0071340	GO:0009987
GO:0071361	GO:0050896
GO:0071361	GO:0009987
GO:0071394	GO:0050896
GO:0071394	GO:0009987
GO:0071481	GO:0050896
GO:0071481	GO:0009987
GO:0071549	GO:0050896
GO:0071549	GO:0009987
GO:0071679	GO:0009987
GO:0071786	GO:0009987
GO:0071800	GO:0009987
GO:0072017	GO:0032502
GO:0072070	GO:0032502
GO:0072079	GO:0032502
GO:0072350	GO:0008152
GO:0072350	GO:0009987
GO:0072498	GO:0032502
GO:0072584	GO:0051179
GO:0072584	GO:0009987
GO:0072673	GO:0009987
GO:0072673	GO:0032502
GO:0072697	GO:0051179
GO:0072697	GO:0009987
GO:0090050	GO:0065007
GO:0090051	GO:0065007
GO:0090085	GO:0065007
GO:0090161	GO:0009987
GO:0090231	GO:0065007
GO:0090312	GO:0065007
GO:0097048	GO:0009987
GO:0097050	GO:0009987
GO:0097104	GO:0009987
GO:0097284	GO:0009987
GO:0098719	GO:0051179
GO:0098719	GO:0009987
GO:0098935	GO:0009987
GO:0098935	GO:0051179
GO:0099624	GO:0065007
GO:0110154	GO:0008152
GO:0110154	GO:0009987
GO:0140747	GO:0065007
GO:0150105	GO:0051179
GO:0150105	GO:0009987
GO:1900152	GO:0065007
GO:1901386	GO:0065007
GO:1901387	GO:0065007
GO:1901524	GO:0065007
GO:1901984	GO:0065007
GO:1902018	GO:0065007
GO:1902042	GO:0065007
GO:1902043	GO:0065007
GO:1902254	GO:0065007
GO:1902774	GO:0051179
GO:1902774	GO:0009987
GO:1902855	GO:0065007
GO:1902902	GO:0065007
GO:1903025	GO:0065007
GO:1903299	GO:0065007
GO:1903909	GO:0065007
GO:1904037	GO:0065007
GO:1904262	GO:0065007
GO:1904263	GO:0065007
GO:1904353	GO:0065007
GO:1904357	GO:0065007
GO:1904666	GO:0065007
GO:1904738	GO:0009987
GO:1904753	GO:0065007
GO:1904889	GO:0065007
GO:1904896	GO:0009987
GO:1905048	GO:0065007
GO:1905245	GO:0065007
GO:1990253	GO:0050896
GO:1990253	GO:0009987
GO:2000042	GO:0065007
GO:2000104	GO:0065007
GO:2000105	GO:0065007
GO:2000209	GO:0065007
GO:2000317	GO:0065007
GO:2000369	GO:0065007
GO:2000622	GO:0065007
GO:2000678	GO:0065007
GO:2000679	GO:0065007
GO:2000765	GO:0065007
GO:2001225	GO:0065007
GO:2001279	GO:0065007
GO:0000244	GO:0009987
GO:0000289	GO:0008152
GO:0000289	GO:0009987
GO:0000289	GO:0065007
GO:0000291	GO:0008152
GO:0000291	GO:0009987
GO:0000291	GO:0065007
GO:0000394	GO:0008152
GO:0000394	GO:0009987
GO:0001865	GO:0009987
GO:0001865	GO:0032501
GO:0001865	GO:0002376
GO:0001865	GO:0032502
GO:0002082	GO:0065007
GO:0002097	GO:0008152
GO:0002097	GO:0009987
GO:0006103	GO:0008152
GO:0006103	GO:0009987
GO:0006123	GO:0008152
GO:0006123	GO:0009987
GO:0006361	GO:0008152
GO:0006361	GO:0009987
GO:0006817	GO:0051179
GO:0006883	GO:0042592
GO:0007190	GO:0065007
GO:0007271	GO:0009987
GO:0007271	GO:0065007
GO:0008334	GO:0008152
GO:0008334	GO:0009987
GO:0008535	GO:0009987
GO:0009214	GO:0008152
GO:0009214	GO:0009987
GO:0010587	GO:0008152
GO:0010587	GO:0009987
GO:0010664	GO:0065007
GO:0010800	GO:0065007
GO:0010801	GO:0065007
GO:0010944	GO:0065007
GO:0015012	GO:0008152
GO:0015012	GO:0009987
GO:0015693	GO:0051179
GO:0015824	GO:0051179
GO:0015865	GO:0051179
GO:0015874	GO:0051179
GO:0016075	GO:0008152
GO:0016075	GO:0009987
GO:0016078	GO:0008152
GO:0016078	GO:0009987
GO:0016180	GO:0008152
GO:0016180	GO:0009987
GO:0016264	GO:0009987
GO:0018095	GO:0008152
GO:0018230	GO:0008152
GO:0019359	GO:0008152
GO:0019359	GO:0009987
GO:0019985	GO:0008152
GO:0019985	GO:0009987
GO:0019985	GO:0050896
GO:0021952	GO:0009987
GO:0021952	GO:0032502
GO:0030212	GO:0008152
GO:0030213	GO:0008152
GO:0030213	GO:0009987
GO:0030214	GO:0008152
GO:0031145	GO:0008152
GO:0031440	GO:0065007
GO:0031442	GO:0065007
GO:0031573	GO:0009987
GO:0031573	GO:0065007
GO:0031573	GO:0050896
GO:0031639	GO:0008152
GO:0031953	GO:0065007
GO:0031954	GO:0065007
GO:0032048	GO:0008152
GO:0032048	GO:0009987
GO:0032060	GO:0009987
GO:0032429	GO:0065007
GO:0032488	GO:0009987
GO:0032488	GO:0065007
GO:0032515	GO:0065007
GO:0032785	GO:0065007
GO:0033081	GO:0065007
GO:0033089	GO:0065007
GO:0033137	GO:0065007
GO:0033233	GO:0065007
GO:0033234	GO:0065007
GO:0033235	GO:0065007
GO:0033539	GO:0008152
GO:0033539	GO:0009987
GO:0033540	GO:0008152
GO:0033540	GO:0009987
GO:0033962	GO:0009987
GO:0034063	GO:0009987
GO:0034333	GO:0009987
GO:0035020	GO:0065007
GO:0035024	GO:0065007
GO:0035791	GO:0009987
GO:0035791	GO:0065007
GO:0035871	GO:0008152
GO:0036159	GO:0009987
GO:0038092	GO:0009987
GO:0038092	GO:0065007
GO:0042407	GO:0009987
GO:0042415	GO:0008152
GO:0042415	GO:0009987
GO:0043508	GO:0065007
GO:0043628	GO:0008152
GO:0043628	GO:0009987
GO:0043652	GO:0009987
GO:0043691	GO:0051179
GO:0044351	GO:0051179
GO:0044351	GO:0009987
GO:0045050	GO:0051179
GO:0045050	GO:0009987
GO:0045116	GO:0008152
GO:0045943	GO:0065007
GO:0046007	GO:0065007
GO:0046033	GO:0008152
GO:0046033	GO:0009987
GO:0046037	GO:0008152
GO:0046037	GO:0009987
GO:0046039	GO:0008152
GO:0046039	GO:0009987
GO:0046051	GO:0008152
GO:0046051	GO:0009987
GO:0046058	GO:0008152
GO:0046058	GO:0009987
GO:0046068	GO:0008152
GO:0046068	GO:0009987
GO:0046085	GO:0008152
GO:0046085	GO:0009987
GO:0046642	GO:0065007
GO:0046710	GO:0008152
GO:0046710	GO:0009987
GO:0048241	GO:0051179
GO:0048291	GO:0002376
GO:0048291	GO:0008152
GO:0048291	GO:0009987
GO:0048291	GO:0032501
GO:0048490	GO:0009987
GO:0048490	GO:0051179
GO:0050650	GO:0008152
GO:0050650	GO:0009987
GO:0051000	GO:0065007
GO:0051016	GO:0009987
GO:0051016	GO:0065007
GO:0060397	GO:0009987
GO:0060397	GO:0065007
GO:0061365	GO:0065007
GO:0061577	GO:0051179
GO:0061577	GO:0009987
GO:0070206	GO:0009987
GO:0070886	GO:0065007
GO:0071389	GO:0050896
GO:0071389	GO:0009987
GO:0071459	GO:0051179
GO:0071459	GO:0009987
GO:0071514	GO:0009987
GO:0071514	GO:0022414
GO:0071514	GO:0065007
GO:0090042	GO:0008152
GO:0090557	GO:0032502
GO:0090557	GO:0009987
GO:0097202	GO:0008152
GO:0097202	GO:0065007
GO:0097499	GO:0051179
GO:0097499	GO:0009987
GO:0098814	GO:0009987
GO:0098814	GO:0065007
GO:0140719	GO:0065007
GO:0140719	GO:0009987
GO:1900745	GO:0065007
GO:1902259	GO:0065007
GO:1902570	GO:0051179
GO:1902570	GO:0009987
GO:1902947	GO:0065007
GO:1904668	GO:0065007
GO:1990535	GO:0009987
GO:2000352	GO:0065007
GO:2001032	GO:0065007
GO:2001169	GO:0065007
GO:0000727	GO:0008152
GO:0000727	GO:0009987
GO:0000727	GO:0050896
GO:0001516	GO:0008152
GO:0001516	GO:0009987
GO:0002115	GO:0051179
GO:0006171	GO:0008152
GO:0006171	GO:0009987
GO:0006825	GO:0051179
GO:0006828	GO:0051179
GO:0006829	GO:0051179
GO:0009301	GO:0008152
GO:0009301	GO:0009987
GO:0010960	GO:0042592
GO:0031053	GO:0008152
GO:0031053	GO:0009987
GO:0031054	GO:0008152
GO:0031054	GO:0009987
GO:0032469	GO:0042592
GO:0032968	GO:0065007
GO:0035372	GO:0051179
GO:0035372	GO:0009987
GO:0035751	GO:0042592
GO:0035751	GO:0065007
GO:0036092	GO:0008152
GO:0036092	GO:0009987
GO:0042276	GO:0008152
GO:0042276	GO:0009987
GO:0042276	GO:0050896
GO:0045292	GO:0008152
GO:0045292	GO:0009987
GO:0051123	GO:0009987
GO:0055062	GO:0042592
GO:1901838	GO:0065007
GO:1901841	GO:0065007
GO:1902914	GO:0065007
GO:1902915	GO:0065007
GO:2000479	GO:0065007
GO:0015986	GO:0008152
GO:0015986	GO:0009987
GO:0032148	GO:0065007
GO:0034356	GO:0008152
GO:0034356	GO:0009987
GO:0051561	GO:0042592
GO:0055070	GO:0042592
GO:1901678	GO:0051179
GO:2001267	GO:0065007
